Domain,Having_@_symbol,Having_IP,Path,Prefix_suffix_separation,Protocol,Redirection_//_symbol,Sub_domains,URL_Length,age_domain,dns_record,domain_registration_length,http_tokens,label,statistical_report,tiny_url,web_traffic
www.liquidgeneration.com,0,0,/,0,http,0,0,0,0,0,1,0,0,0,0,2
www.onlineanime.org,0,0,/,0,http,0,0,0,0,0,1,0,0,1,0,1
www.ceres.dti.ne.jp,0,0,/~nekoi/senno/senfirst.html,0,http,0,1,0,1,0,1,0,0,0,0,0
www.galeon.com,0,0,/kmh/,0,http,0,0,0,0,0,0,0,0,0,0,0
www.fanworkrecs.com,0,0,/,0,http,0,0,0,1,1,1,0,0,1,0,1
www.animehouse.com,0,0,/,0,http,0,0,0,0,0,1,0,0,1,0,1
www2.117.ne.jp,0,0,/~mb1996ax/enadc.html,0,http,0,1,0,1,0,1,0,0,0,0,2
archive.rhps.org,0,0,/fritters/yui/index.html,0,http,0,2,0,0,0,1,0,0,0,0,2
www.freecartoonsex.com,0,0,/,0,http,0,0,0,0,0,1,0,0,0,1,2
www.cutepet.org,0,0,/,0,http,0,0,0,2,0,0,0,0,0,0,2
www.taremeparadise.com,0,0,/,0,http,0,0,0,2,0,2,0,0,0,0,2
www.internetdump.com,0,0,/users/pornographite/index1.html,0,http,0,2,2,0,0,1,0,0,0,0,1
darkkaminari.net,0,0,,0,http,0,0,0,1,1,1,0,0,1,0,1
www.iei.net,0,0,/~bkos1/velneko.htm,0,http,0,2,0,0,0,1,0,0,1,0,1
www9.kinghost.com,0,0,/fetish/hentaibee/,0,http,0,0,0,2,0,2,0,0,0,1,0
www.jasonmeador.com,0,0,/,0,http,0,0,0,0,0,1,0,0,0,0,1
www.geocities.com,0,0,/kaseychan17/index.html,0,http,0,2,0,2,0,2,0,0,0,0,2
www.angelfire.com,0,0,/journal/coldlemonade/index.html,0,http,0,2,2,0,0,0,0,0,0,0,0
e.webring.com,0,0,/hub,0,http,0,0,2,0,0,0,0,0,0,0,2
www.nemurokinenkan.net,0,0,,0,http,0,0,0,1,1,1,0,0,1,0,1
j-heaven.tripod.com,0,0,/library.htm,1,http,0,2,0,0,0,0,0,0,0,0,1
www.angelfire.com,0,0,/poetry/nicolesstories/,0,http,0,0,0,0,0,0,0,0,0,0,0
thesheeparecoming.tripod.com,0,0,/papercrane/,0,http,0,0,0,0,0,0,0,0,0,0,1
www.geocities.com,0,0,/eddie_monsoon2002/,0,http,0,0,0,2,0,2,0,0,0,0,2
www.shokushu.com,0,0,/,0,http,0,0,0,0,0,1,0,0,0,0,2
www.geocities.com,0,0,/timessquare/arcade/7810/p_hgames.htm,0,http,0,2,2,2,0,2,0,0,0,0,2
www.hentaisocialclub.com,0,0,/ganguro/index.html,0,http,0,2,0,0,0,1,0,0,0,0,2
ryogamasaki.netfirms.com,0,0,/,0,http,0,0,0,0,0,0,0,0,1,0,0
members.tripod.com,0,0,/~chaz16/3.html,0,http,0,2,0,0,0,0,0,0,0,0,0
www.hentai-comics.com,0,0,/,1,http,0,0,0,2,0,2,0,0,0,0,2
www.jastusa.com,0,0,/,0,http,0,0,0,0,0,1,0,0,0,0,2
www.peachprincess.com,0,0,/,0,http,0,0,0,0,0,1,0,0,0,0,2
www.g-collections.com,0,0,,1,http,0,0,0,0,0,1,0,0,0,0,2
www.hentai-games.com,0,0,/,1,http,0,0,0,0,0,1,0,0,0,0,1
www.canadahentai.com,0,0,,0,http,0,0,0,2,0,2,0,0,0,0,1
www.hirameki-int.com,0,0,,1,http,0,0,0,0,0,1,0,0,0,1,1
www.himeyashop.com,0,0,/,0,http,0,0,0,0,0,1,0,0,0,0,1
www.jlist.com,0,0,/,0,http,0,0,0,0,0,0,0,0,0,1,0
www.clubspooey.com,0,0,/spooey/,0,http,0,0,0,0,0,1,0,0,0,0,1
www.hentaigamer.com,0,0,,0,http,0,0,0,2,0,2,0,0,0,0,1
www.pcrdist.com,0,0,,0,http,0,0,0,0,0,1,0,0,0,1,2
www.densetsu.com,0,0,/,0,http,0,0,0,0,0,1,0,0,0,0,2
www.animetric.com,0,0,/bgames.html,0,http,0,2,0,0,0,1,0,0,0,0,2
www.jmate.com,0,0,/home.html,0,http,0,2,0,0,0,1,0,0,0,0,1
www.three-musketeers.net,0,0,/mike/animeopinions.html,1,http,0,2,2,0,0,1,0,0,0,0,2
engbishoujo.tripod.com,0,0,,0,http,0,0,0,0,0,0,0,0,0,0,1
www.somethingawful.com,0,0,/hentai/,0,http,0,0,0,0,0,0,0,0,0,0,0
www.geocities.com,0,0,/aetus_kane/reviews.html,0,http,0,2,0,2,0,2,0,0,0,0,2
www.hentaigameszone.com,0,0,,0,http,0,0,0,2,0,2,0,0,0,0,1
www.hentaineko.com,0,0,/html_peekv/peek_vgames.shtml,0,http,0,2,2,0,0,1,0,0,0,0,2
www.asahi-net.or.jp,0,0,/~uz9y-ab/yaoicomic.htm,1,http,0,1,0,1,0,1,0,0,0,0,0
www.geocities.com,0,0,/tokyo/villa/9953/yaoimain.html,0,http,0,2,2,2,0,2,0,0,0,0,2
www.commonastherain.com,0,0,/eros.html,0,http,0,2,0,2,0,1,0,0,0,0,1
www.angelfire.com,0,0,/anime3/hoshinokaze/,0,http,0,0,0,0,0,0,0,0,0,0,0
www.discarnate.com,0,0,/boysnextdoor/,0,http,0,0,0,0,0,1,0,0,0,0,2
www.geocities.com,0,0,/spirestudio/index.htm,0,http,0,2,0,2,0,2,0,0,0,0,2
www.angelfire.com,0,0,/me3/mandaplay/index.html,0,http,0,2,0,0,0,0,0,0,0,0,0
www.geocities.com,0,0,/tokyo/courtyard/9155/carosmen.htm,0,http,0,2,2,2,0,2,0,0,0,0,2
members.tripod.com,0,0,/~cheekokr/enter.html,0,http,0,2,0,0,0,0,0,0,0,0,0
www.aoihayashi.com,0,0,/,0,http,0,0,0,2,0,2,0,0,0,0,1
www.geocities.com,0,0,/shinji_is_my_man/,0,http,0,0,0,2,0,2,0,0,0,0,2
www.cruelangel.net,0,0,/divinitas/,0,http,0,0,0,1,1,1,0,0,1,0,1
death_of_ase.tripod.com,0,0,/dt/twisteddesire.html,0,http,0,2,0,0,0,0,0,0,0,0,1
www.orchidveil.net,0,0,/trapdoor/,0,http,0,0,0,0,0,0,0,0,0,0,1
www.geocities.com,0,0,/roryheadmav/main.html,0,http,0,2,0,2,0,2,0,0,0,0,2
www.angelfire.com,0,0,/anime4/wildefyre/,0,http,0,0,0,0,0,0,0,0,0,0,0
www.yaoiluvr.net,0,0,,0,http,0,0,0,1,1,1,0,0,1,0,1
www.angelfire.com,0,0,/goth2/azrael/,0,http,0,0,0,0,0,0,0,0,0,0,0
m.webring.com,0,0,/hub,0,http,0,0,0,0,0,0,0,0,0,0,2
onami.free.fr,0,0,/,0,http,0,0,0,0,0,1,0,0,0,0,1
www.geocities.com,0,0,/obsidianblaze/,0,http,0,0,0,2,0,2,0,0,0,0,2
p080.ezboard.com,0,0,/badragonballyaoirpg,0,http,0,0,0,0,0,0,0,0,1,0,2
www.pureyaoi.org,0,0,/,0,http,0,0,0,1,0,1,0,0,1,0,1
www.gaytoon-japan.com,0,0,,1,http,0,0,0,0,0,1,0,0,0,0,2
www.clubclassic.net,0,0,/yaoi.html,0,http,0,2,0,0,0,1,0,0,0,0,2
www.geocities.com,0,0,/apple_toh/index.html,0,http,0,2,0,2,0,2,0,0,0,0,2
www.gongaga.com,0,0,/,0,http,0,0,0,0,0,1,0,0,0,0,2
www.angelfire.com,0,0,/goth/doujinshi_rapture/,0,http,0,0,0,0,0,0,0,0,0,0,0
geocities.com,0,0,/plugplaymanga/,0,http,0,0,0,2,0,2,0,0,0,0,2
www.kinu-sekigushi.com,0,0,/,1,http,0,0,0,0,0,1,0,0,0,0,1
www.geocities.com,0,0,/can_it_be_sin/index_2.html,0,http,0,2,0,2,0,2,0,0,0,0,2
community.livejournal.com,0,0,/jrockyaoi/,0,http,0,0,0,0,0,1,0,0,0,0,2
arachnoid.reverie-noire.com,0,0,/,1,http,0,0,0,0,0,1,0,0,1,0,1
totchi.tripod.com,0,0,/,0,http,0,0,0,0,0,0,0,0,0,0,1
home.arcor.de,0,0,/jrock-yaoi/index2.htm,0,http,0,2,0,1,0,1,0,0,0,0,0
www.dtwins.co.uk,0,0,/jfic/efiction30/index.php,0,http,0,1,0,0,0,1,0,0,0,0,1
members.tripod.com,0,0,/starchan/,0,http,0,0,0,0,0,0,0,0,0,0,0
www.geocities.com,0,0,/hushie_hush/,0,http,0,0,0,2,0,2,0,0,0,0,2
www.cursedmoons.com,0,0,/,0,http,0,0,0,0,0,1,0,0,0,0,2
www.worldshaking.net,0,0,/,0,http,0,0,0,0,0,1,0,0,0,0,1
www.shoujoai.com,0,0,/,0,http,0,0,0,0,0,1,0,0,0,0,2
www.angelfire.com,0,0,/anime2/yurifics/index.html,0,http,0,2,0,0,0,0,0,0,0,0,0
groups.yahoo.com,0,0,/group/lilypetalsandfallendewdrops/,0,http,0,0,2,2,0,2,0,0,0,0,0
www.privateholes.com,0,0,/anime/anime-sex/index6.html,0,http,0,2,2,0,0,1,0,0,0,0,2
www.privateholes.com,0,0,/anime/anime-asia/index6.html,0,http,0,2,2,0,0,1,0,0,0,0,2
www.anime-hentai-cartoons.com,0,0,/,1,http,0,0,0,1,1,1,0,0,1,0,1
idd00788.eresmas.net,0,0,/,0,http,0,0,0,0,0,1,0,0,0,0,2
www.applicot.com,0,0,/,0,http,0,0,0,2,0,2,0,0,0,1,2
adultcompass.com,0,0,/avs/0/1/acw/index.html,0,http,0,0,0,0,0,1,0,0,0,0,2
www.adult-anime-hentai.com,0,0,/,1,http,0,0,0,1,1,1,0,0,1,0,1
www.emuck.com:3000,0,0,/archive/egan.html,0,http,0,2,0,1,0,1,0,0,1,0,1
danoday.com,0,0,/summit.shtml,0,http,0,0,0,2,0,1,0,0,0,0,2
groups.yahoo.com,0,0,/group/voice_actor_appreciation/links/events_and_appearanc_000985383761/,0,http,0,0,1,2,0,2,0,0,0,0,0
voice-international.com,0,0,/,1,http,0,0,0,0,0,1,0,0,0,0,1
www.livinglegendsltd.com,0,0,/,0,http,0,0,0,0,0,1,0,0,0,0,1
voicechasers.com,0,0,/forum/viewforum.php,0,http,0,0,0,0,0,0,0,0,0,0,2
hollywoodcollectorshow.com,0,0,/,0,http,0,0,0,0,0,1,0,0,0,0,1
www.geocities.com,0,0,/hollywood/hills/8944/,0,http,0,0,0,2,0,2,0,0,0,0,2
asifa.proboards61.com,0,0,/index.cgi,0,http,0,2,2,0,0,1,0,0,0,0,2
groups.yahoo.com,0,0,/group/voice_actor_appreciation/cal///group/voice_actor_appreciation/,0,http,1,0,1,2,0,2,0,0,0,0,0
us.imdb.com,0,0,/name/nm0267724/,0,http,0,0,0,2,0,2,0,0,0,0,0
www.pamelynferdin.com,0,0,/,0,http,0,0,0,2,0,2,0,0,0,0,2
www.pamferdin.com,0,0,/,0,http,0,0,0,0,0,1,0,0,0,0,2
www.monkeydog.com,0,0,/,0,http,0,0,0,0,0,1,0,0,0,0,1
teamknightrider.com,0,0,/cast/plato/plato.html,0,http,0,0,0,0,0,1,0,0,1,0,1
us.imdb.com,0,0,/name/nm0281486/,0,http,0,0,0,2,0,2,0,0,0,0,0
anp.awn.com,0,0,/anifest-3.html,0,http,0,2,0,0,0,1,0,0,1,0,0
www.awn.com,0,0,/mag/issue1.7/articles/kowlaskidi1.7.html,0,http,0,1,2,0,0,1,0,0,0,0,0
www.awn.com,0,0,/mag/issue2.7/2.7pages/2.7jacksonjones.html,0,http,0,1,2,0,0,1,0,0,0,0,0
www.awn.com,0,0,/mag/issue1.9/articles/kowlagrinch1.9.html,0,http,0,1,2,0,0,1,0,0,0,0,0
us.imdb.com,0,0,/name/nm0004931/,0,http,0,0,0,2,0,2,0,0,0,0,0
www.voicechasers.com,0,0,/database/showactor.php,0,http,0,2,2,0,0,0,0,0,0,0,2
www.vortex.com,0,0,/av.html,0,http,0,2,0,0,0,0,0,0,0,1,2
starbulletin.com,0,0,/96/07/11/features/story3.html,0,http,0,0,0,0,0,0,0,0,0,0,2
anp.awn.com,0,0,/juneforay.html,0,http,0,2,0,0,0,1,0,0,1,0,0
www.cerias.purdue.edu,0,0,/homes/spaf/yucks/v2/msg00061.html,0,http,0,1,2,1,0,1,0,0,0,0,0
www.awn.com,0,0,/mag/issue5.03/5.03pages/evanierforay.php3,0,http,0,1,2,0,0,1,0,0,0,0,0
www.awn.com,0,0,/mag/issue4.02/4.02pages/foraylittlejohn.php3,0,http,0,1,2,0,0,1,0,0,0,0,0
archives.seattletimes.nwsource.com,0,0,/cgi-bin/texis.cgi/web/vortex/display,0,http,0,1,1,0,0,1,0,0,0,0,2
www.geocities.com,0,0,/enchantedforest/dell/8545/fraley.html,0,http,0,2,2,2,0,2,0,0,0,0,2
us.imdb.com,0,0,/name/nm0289710/,0,http,0,0,0,2,0,2,0,0,0,0,0
www.voicechasers.com,0,0,/database/showactor.php,0,http,0,2,2,0,0,0,0,0,0,0,2
patfraley.com,0,0,/,0,http,0,0,0,0,0,1,0,0,0,0,2
nerf-herders-anonymous.net,0,0,/patfraley.html,1,http,0,0,0,0,0,1,0,0,0,0,1
www.vasta.org,0,0,/professional_index/fraleyp.html,0,http,0,2,0,0,0,1,0,0,0,0,2
news.toonzone.net,0,0,/2000/oct/27/hearing_voices.php,0,http,0,2,2,0,0,0,0,0,0,0,0
members.tripod.com,0,0,/~leemichaelwithers/sfh.htm,0,http,0,2,0,0,0,0,0,0,0,0,0
www.radiospirits.com,0,0,/onradio/meethost_sf.asp,0,http,0,2,0,0,0,1,0,0,0,0,2
us.imdb.com,0,0,/name/nm0292677/,0,http,0,0,0,2,0,2,0,0,0,0,0
freberg.westnet.com,0,0,/,0,http,0,0,0,0,0,1,0,0,0,1,2
www.aarp.org,0,0,/mmaturity/mar_apr00_preview/creators.html,0,http,0,2,2,0,0,0,0,0,0,0,0
www.cosmik.com,0,0,/aa-october99/stan_freberg.html,0,http,0,2,0,0,0,1,0,0,0,0,2
www.tsimon.com,0,0,/freberg.htm,0,http,0,2,0,2,0,2,0,0,0,0,2
www.firezine.net,0,0,/issue6/fz6_07.htm,0,http,0,2,0,0,0,1,0,0,0,0,2
www.thehutch.com,0,0,/rabhutch/freberg.htm,0,http,0,2,0,0,0,0,0,0,0,0,1
www.povonline.com,0,0,/cols/col051.htm,0,http,0,2,0,2,0,1,0,0,0,0,1
www.povonline.com,0,0,/2001/news060901.htm,0,http,0,2,0,2,0,1,0,0,0,0,1
www.austinchronicle.com,0,0,/issues/dispatch/1999-12-10/music_feature3.html,0,http,0,2,1,0,0,1,0,0,0,0,0
www.dawsbutler.com,0,0,/freberg.htm,0,http,0,2,0,0,0,0,0,0,0,0,2
freberg.westnet.com,0,0,/list.html,0,http,0,2,0,0,0,1,0,0,0,1,2
www.rhino.com,0,0,/features/75645p.html,0,http,0,2,0,0,0,0,0,0,0,0,2
hitcomedy.com,0,0,/index.html,0,http,0,0,0,0,0,1,0,0,1,0,1
www.cyberonic.net,0,0,/~atrain/comedy/freberg.htm,0,http,0,2,0,0,0,0,0,0,0,0,1
www.povonline.com,0,0,/cols/col102.htm,0,http,0,2,0,2,0,1,0,0,0,0,1
freberg.westnet.com,0,0,/hear_it.html,0,http,0,2,0,0,0,1,0,0,0,1,2
www.epinions.com,0,0,/musc-album-musc-freberg__stan/tk_~mm032.1.2,0,http,0,1,2,2,0,2,0,0,0,0,2
citypaper.net,0,0,/articles/091699/mus.stan.shtml,0,http,0,2,0,0,0,1,0,0,0,0,1
www.crispinfreeman.com,0,0,/,0,http,0,0,0,0,0,1,0,0,0,0,2
www.reelradio.com,0,0,/gifts/frees.html,0,http,0,2,0,0,0,1,0,0,0,0,2
www.spookytoms.com,0,0,/paul_frees_tribute.html,0,http,0,2,0,0,0,1,0,0,0,0,1
www.hollowhill.com,0,0,/gm/library/frees.htm,0,http,0,2,0,0,0,1,0,0,0,0,2
www.dvdtalk.com,0,0,/dvdsavant/s74frees.html,0,http,0,2,0,0,0,1,0,0,0,0,0
us.imdb.com,0,0,/name/nm0293659/,0,http,0,0,0,2,0,2,0,0,0,0,0
www.voicechasers.com,0,0,/database/showactor.php,0,http,0,2,2,0,0,0,0,0,0,0,2
bakerstreetdozen.com,0,0,/frewernews.html,0,http,0,0,0,0,0,0,0,0,0,0,2
us.imdb.com,0,0,/name/nm0001242/,0,http,0,0,0,2,0,2,0,0,0,0,0
www.geocities.com,0,0,/enchantedforest/dell/8545/va.html,0,http,0,2,2,2,0,2,0,0,0,0,2
www.angelfire.com,0,0,/ut/rtoons/actors.html,0,http,0,2,0,0,0,0,0,0,0,0,0
www.geocities.com,0,0,/hollywood/lot/2636/voiceacting/,0,http,0,0,2,2,0,2,0,0,0,0,2
www.geocities.com,0,0,/philbass_2000/narrators.html,0,http,0,2,0,2,0,2,0,0,0,0,2
doreen.mkbmemorial.com,0,0,/,0,http,0,0,0,1,0,1,0,0,0,0,2
www.geocities.com,0,0,/televisioncity/taping/6785/index.html,0,http,0,2,2,2,0,2,0,0,0,0,2
www.behindthevoiceactors.com,0,0,,0,http,0,0,0,0,0,1,0,0,0,0,0
www.keyframeonline.com,0,0,/kf.php,0,http,0,2,0,0,0,1,0,0,0,0,2
www.voicechasers.com,0,0,/,0,http,0,0,0,0,0,0,0,0,0,0,2
us.imdb.com,0,0,/name/nm0304000/,0,http,0,0,0,2,0,2,0,0,0,0,0
www.taoslandandfilm.com,0,0,/bradentnwkly.html,0,http,0,2,0,0,0,1,0,0,0,0,2
us.imdb.com,0,0,/name/nm0004951/,0,http,0,0,0,2,0,2,0,0,0,0,0
kathygarver.com,0,0,/,0,http,0,0,0,0,0,1,0,0,0,0,2
us.imdb.com,0,0,/name/nm0308744/,0,http,0,0,0,2,0,2,0,0,0,0,0
www.dickgautier.com,0,0,/,0,http,0,0,0,0,0,1,0,0,0,0,1
www.dangilvezan.com,0,0,/,0,http,0,0,0,0,0,0,0,0,0,0,1
us.imdb.com,0,0,/name/nm0319737/,0,http,0,0,0,2,0,2,0,0,0,0,0
us.imdb.com,0,0,/name/nm0330015/,0,http,0,0,0,2,0,2,0,0,0,0,0
www.tv-now.com,0,0,/stars/gotfried.html,1,http,0,2,0,2,0,2,0,0,0,0,1
www.cdaccess.com,0,0,/html/pc/midmovie.htm,0,http,0,2,0,0,0,1,0,0,0,0,2
genetic_mishap.tripod.com,0,0,/landofthreenamedpeople/,0,http,0,0,2,0,0,0,0,0,0,0,1
www.angelfire.com,0,0,/celeb/starzbios/gottfried_g.html,0,http,0,2,2,0,0,0,0,0,0,0,0
us.imdb.com,0,0,/name/nm0331906/,0,http,0,0,0,2,0,2,0,0,0,0,0
www-tech.mit.edu,0,0,/v110/n37/gilber.37a.html,1,http,0,1,0,1,0,1,0,0,0,0,0
www-tech.mit.edu,0,0,/v110/n38/lsc.38a.html,1,http,0,1,0,1,0,1,0,0,0,0,0
www.octopusmediaink.com,0,0,/gilbertgottfried.html,0,http,0,2,0,0,0,1,0,0,0,0,1
citypaper.net,0,0,/articles/022996/article001.shtml,0,http,0,0,0,0,0,1,0,0,0,0,1
jam.canoe.ca,0,0,/movies/artists/g/gottfried_gilbert/1997/02/21/758674.html,0,http,0,2,1,0,0,0,0,0,0,0,0
www.voicechasers.com,0,0,/database/showactor.php,0,http,0,2,2,0,0,0,0,0,0,0,2
www.kylehebert.com,0,0,/,0,http,0,0,0,0,0,1,0,0,0,1,1
www.post-gazette.com,0,0,/magazine/19990223voicetalent1.asp,1,http,0,2,2,0,0,1,0,0,0,0,0
www.serkworks.com,0,0,/roommates/index.htm,0,http,0,2,0,0,0,1,0,0,0,0,2
www.armory.com,0,0,/~keeper/jesshirt.html,0,http,0,2,0,0,0,0,0,0,0,0,2
www.voicechasers.com,0,0,/database/showactor.php,0,http,0,2,2,0,0,0,0,0,0,0,2
docharris.com,0,0,/,0,http,0,0,0,0,0,1,0,0,0,0,2
www.lushmedia.co.uk,0,0,/,0,http,0,2,0,0,0,1,0,0,0,0,1
www.dav-productions.com,0,0,/,1,http,0,0,0,1,1,1,0,0,1,0,1
www.ccvideo.net,0,0,/,0,http,0,0,0,0,0,1,0,0,0,0,1
www.blueyed.com,0,0,/,0,http,0,0,0,0,0,1,0,0,0,0,1
www.koalatv.com,0,0,/,0,http,0,0,0,2,0,2,0,0,0,0,2
www.goaggressive.com,0,0,/,0,http,0,0,0,0,0,1,0,0,1,0,1
www.emblemma.com,0,0,/,0,http,0,0,0,0,0,1,0,0,0,0,1
www.killingtimeproductions.com,0,0,/,0,http,0,0,0,0,0,0,0,0,0,0,1
www.rollingrproductions.com,0,0,/,0,http,0,0,0,2,0,2,0,0,0,0,1
www.boutwellstudios.com,0,0,,0,http,0,0,0,2,0,2,0,0,0,0,1
www.blindruckus.com,0,0,,0,http,0,0,0,1,1,1,0,0,1,0,1
www.roadrecords.com,0,0,/clientlist.html,0,http,0,2,0,1,1,1,0,0,1,0,1
www.coupestudios.com,0,0,,0,http,0,0,0,0,0,0,0,0,0,0,1
www.kellogg-rice.com,0,0,,1,http,0,0,0,0,0,1,0,0,0,0,1
www.sarley.com,0,0,,0,http,0,0,0,0,0,0,0,0,0,0,1
www.deadlyproductions.com,0,0,,0,http,0,0,0,0,0,0,0,0,0,0,1
www.rickaudio.com,0,0,,0,http,0,0,0,2,0,2,0,0,0,0,1
www.fmsystems.net,0,0,,0,http,0,0,0,0,0,0,0,0,0,0,2
www.gamebeatinc.com,0,0,/,0,http,0,0,0,0,0,1,0,0,1,0,1
members.tripod.com,0,0,/kcepap/,0,http,0,0,0,0,0,0,0,0,0,0,0
www.loftinpro.com,0,0,,0,http,0,0,0,0,0,1,0,0,0,0,2
www.noisefloor.com,0,0,,0,http,0,0,0,2,0,2,0,0,0,0,1
www.wavegroup.com,0,0,,0,http,0,0,0,0,0,0,0,0,0,0,1
www.audiolinks.com,0,0,/,0,http,0,0,0,0,0,1,0,0,0,0,2
business.fortunecity.com,0,0,/tisch/809/gold.htm,0,http,0,2,0,0,0,1,0,0,0,0,2
www.harkproductions.com,0,0,/audio.html,0,http,0,2,0,0,0,1,0,0,0,0,2
www.loree-nelson.com,0,0,,1,http,0,0,0,0,0,0,0,0,0,0,1
www.thilldesign.com,0,0,,0,http,0,0,0,0,0,0,0,0,0,0,1
www.cgdesign.com,0,0,,0,http,0,0,0,0,0,0,0,0,0,0,1
www.moonaluna.net,0,0,,0,http,0,0,0,0,0,1,0,0,0,0,1
www.rjbstudio.com,0,0,,0,http,0,0,0,0,0,1,0,0,0,0,1
www.folioinc.com,0,0,,0,http,0,0,0,0,0,1,0,0,1,0,1
www.colorpagesinc.com,0,0,,0,http,0,0,0,0,0,0,0,0,0,0,2
www.svengoody.com,0,0,,0,http,0,0,0,1,1,1,0,0,1,0,1
www.doclivingston.com,0,0,,0,http,0,0,0,2,0,2,0,0,0,0,1
www.broadsideinteractive.com,0,0,/,0,http,0,0,0,0,0,1,0,0,0,0,2
www.celticharper.com,0,0,/wolfhawk.html,0,http,0,2,0,0,0,1,0,0,0,0,2
www.copelandesign.com,0,0,,0,http,0,0,0,0,0,1,0,0,0,0,1
www.gilmourcreative.com,0,0,,0,http,0,0,0,0,0,0,0,0,0,0,1
www.twentyfirst.co.uk,0,0,,0,http,0,2,0,0,0,1,0,0,0,1,1
www.blacktide.com,0,0,,0,http,0,0,0,0,0,1,0,0,0,0,1
www.magusgraphics.com,0,0,,0,http,0,0,0,1,1,1,0,0,1,0,1
www.geocities.com,0,0,/svendesign/,0,http,0,0,0,2,0,2,0,0,0,0,2
www.graphicsillustrated.com,0,0,,0,http,0,0,0,2,0,2,0,0,0,0,1
sullivancreative.com,0,0,,0,http,0,0,0,0,0,0,0,0,0,0,1
www.thincgrafx.com,0,0,/,0,http,0,0,0,1,1,1,0,0,1,1,1
www.rappyco.com,0,0,,0,http,0,0,0,0,0,1,0,0,0,0,1
www.vcpresentations.com,0,0,/,0,http,0,0,0,2,0,2,0,0,0,0,1
www.philipperaimbault.com,0,0,,0,http,0,0,0,0,0,1,0,0,0,1,1
www.jandjgraphics.com,0,0,,0,http,0,0,0,2,0,2,0,0,0,0,1
www.transmediaproject.com,0,0,/,0,http,0,0,0,2,0,2,0,0,0,1,1
www.informationexperts.com,0,0,/,0,http,0,0,0,0,0,1,0,0,0,0,2
www.pluribusmedia.com,0,0,/,0,http,0,0,0,0,0,1,0,0,0,0,1
www.adaptivedesign.com,0,0,,0,http,0,0,0,0,0,1,0,0,0,0,1
www.logodesignonline.com,0,0,,0,http,0,0,0,0,0,1,0,0,0,0,1
www.pentagonstudios.com,0,0,,0,http,0,0,0,2,0,2,0,0,0,0,1
www.cre8tivproductions.com,0,0,,0,http,0,0,0,0,0,0,0,0,1,0,1
www.stevensonsharpe.co.uk,0,0,,0,http,0,2,0,0,0,1,0,0,1,0,1
millercreative.com,0,0,,0,http,0,0,0,0,0,1,0,0,0,0,1
www.e-nimation.com,0,0,/,1,http,0,0,0,0,0,1,0,0,0,0,1
www.springdesigngroup.com,0,0,,0,http,0,0,0,0,0,1,0,0,0,0,1
www.newsdesign.com.hk,0,0,,0,http,0,2,0,2,0,2,0,0,0,0,1
www.ronelmm.com,0,0,,0,http,0,0,0,0,0,1,0,0,0,0,1
www.themakers.com,0,0,,0,http,0,0,0,0,0,0,0,0,0,0,1
www.mochamedia.com,0,0,,0,http,0,0,0,0,0,0,0,0,0,0,1
www.maksimedia.com,0,0,,0,http,0,0,0,0,0,0,0,0,0,0,1
www.lughstudio.com,0,0,,0,http,0,0,0,0,0,1,0,0,0,0,2
www.osprey.com,0,0,,0,http,0,0,0,0,0,1,0,0,0,0,0
www.somme.no,0,0,/,0,http,0,0,0,1,0,1,0,0,0,0,1
www.impactgroup.com,0,0,,0,http,0,0,0,0,0,0,0,0,0,0,1
paulmaple.co.uk,0,0,/media/,0,http,0,0,0,0,0,0,0,0,0,0,1
www.pennvid.com,0,0,,0,http,0,0,0,0,0,0,0,0,0,0,1
www.cell-media.com,0,0,/,1,http,0,0,0,0,0,1,0,0,0,0,1
www.concisegroup.com,0,0,/,0,http,0,0,0,0,0,0,0,0,0,0,2
www.picturevideo.com,0,0,,0,http,0,0,0,0,0,1,0,0,0,0,1
www.accelvideo.com,0,0,,0,http,0,0,0,2,0,2,0,0,0,0,1
www.altana.com.ar,0,0,,0,http,0,2,0,1,1,1,0,0,0,0,1
www.allvid.com,0,0,/,0,http,0,0,0,0,0,1,0,0,0,0,1
www.babadigital.com,0,0,,0,http,0,0,0,2,0,2,0,0,0,0,1
www.mcdougalldigital.com,0,0,,0,http,0,0,0,0,0,1,0,0,0,0,1
www.imacron.com,0,0,/,0,http,0,0,0,0,0,0,0,0,0,0,1
www.reelized.com,0,0,/,0,http,0,0,0,0,0,1,0,0,0,0,1
www.vandongenav.nl,0,0,,0,http,0,0,0,1,0,1,0,0,0,0,1
www.rubiconproductions.com,0,0,,0,http,0,0,0,0,0,1,0,0,0,0,1
www.visionsoundcomm.com,0,0,,0,http,0,0,0,0,1,0,0,0,0,0,1
www.avrs.net,0,0,/,0,http,0,0,0,0,0,1,0,0,0,0,1
www.vldigital.com,0,0,,0,http,0,0,0,0,0,1,0,0,0,0,1
www.videomagicpro.net,0,0,/,0,http,0,0,0,0,0,0,0,0,0,0,1
www.swerdlow.co.uk,0,0,/,0,http,0,2,0,0,0,0,0,0,0,0,1
www.sierrabreeze.com,0,0,,0,http,0,0,0,0,0,0,0,0,0,0,1
www.jnproductions.com,0,0,/,0,http,0,0,0,0,0,0,0,0,0,0,1
www.scribblemedia.com,0,0,,0,http,0,0,0,0,0,1,0,0,0,0,1
www.stormshooters.com,0,0,,0,http,0,0,0,1,1,1,0,0,1,0,1
www.bigshoulders.com,0,0,,0,http,0,0,0,0,0,0,0,0,0,0,2
www.1digital.com,0,0,,0,http,0,0,0,0,0,1,0,0,0,0,1
www.manningproductions.com,0,0,,0,http,0,0,0,0,0,1,0,0,0,0,1
www.videocopies.com,0,0,,0,http,0,0,0,0,0,1,0,0,0,0,1
www.cardinal-broadcast.com,0,0,,1,http,0,0,0,1,1,1,0,0,1,1,1
www.dvfilm.com,0,0,,0,http,0,0,0,0,0,0,0,0,0,0,2
www.parrottastudio.com,0,0,,0,http,0,0,0,0,0,0,0,0,0,0,1
www.pearlmanaudiovideo.com,0,0,,0,http,0,0,0,1,1,1,0,0,1,0,1
www.pagerankers.com,0,0,,0,http,0,0,0,0,0,1,0,0,0,0,2
www.purevisibility.com,0,0,,0,http,0,0,0,0,0,0,0,0,0,0,2
www.pepperjam.com,0,0,/,0,http,0,0,0,0,0,1,0,0,0,0,2
www.platinumservices.com,0,0,,0,http,0,0,0,0,0,0,0,0,0,0,1
powerspiritonline.com,0,0,,0,http,0,0,0,0,0,1,0,0,0,0,1
www.project36.com,0,0,,0,http,0,0,0,0,0,0,0,0,0,0,1
www.pageviews.com,0,0,/,0,http,0,0,0,0,0,1,0,0,0,0,1
www.podiums.co.uk,0,0,/,0,http,0,2,0,0,0,1,0,0,0,0,1
www.portlandwebvisibility.com,0,0,,0,http,0,0,0,1,1,1,0,0,1,0,1
www.pagearnold.co.uk,0,0,/,0,http,0,2,0,1,1,1,0,0,1,0,1
www.quadrapromotions.com,0,0,/,0,http,0,0,0,2,0,1,0,0,0,0,1
www.qxest.net,0,0,/,0,http,0,0,0,0,0,1,0,0,0,0,1
www.quisma.de,0,0,/,0,http,0,0,0,1,0,1,0,0,0,0,1
www.quirk.biz,0,0,/,0,http,0,0,0,0,0,1,0,0,0,0,2
www.top-website-promotion.co.uk,0,0,/,1,http,0,2,0,0,0,0,0,0,0,0,1
www.redcarpetweb.com,0,0,/,0,http,0,0,0,2,0,0,0,0,0,0,2
www.rocketlist.com,0,0,/,0,http,0,0,0,0,0,1,0,0,0,1,1
www.registersuccess.com,0,0,/,0,http,0,0,0,0,0,1,0,0,0,0,1
www.raise-your-sites.co.uk,0,0,/,1,http,0,2,0,0,0,0,0,0,0,0,1
www.reinventbusiness.com,0,0,/,0,http,0,0,0,0,0,1,0,0,0,0,1
www.rainstormconsulting.com,0,0,/,0,http,0,0,0,0,0,0,0,0,0,0,1
www.resortwebmarketing.com,0,0,/,0,http,0,0,0,0,0,1,0,0,0,0,1
www.rbimedia.com,0,0,/,0,http,0,0,0,0,0,0,0,0,0,0,1
www.receptional.com,0,0,/,0,http,0,0,0,0,0,0,0,0,0,0,2
www.rankhigh.net,0,0,/,0,http,0,0,0,2,0,2,0,0,0,0,1
www.redzoneglobal.net,0,0,/,0,http,0,0,0,1,1,1,0,0,1,0,1
www.raisemyrank.com,0,0,/,0,http,0,0,0,0,0,1,0,0,0,0,2
www.registereverywhere.com,0,0,/,0,http,0,0,0,2,0,0,0,0,0,0,2
www.rankingman.com,0,0,/,0,http,0,0,0,0,0,1,0,0,0,0,1
www.rankforsales.com,0,0,/,0,http,0,0,0,0,0,1,0,0,0,0,1
www.econnects.net,0,0,/,0,http,0,0,0,0,0,0,0,0,0,0,1
www.rankmagic.com,0,0,/,0,http,0,0,0,2,0,2,0,0,0,0,2
www.relevanttraffic.com,0,0,/,0,http,0,0,0,0,0,1,0,0,0,0,2
www.ranks.nl,0,0,/consultancy/,0,http,0,0,0,1,0,1,0,0,0,0,2
www.ranbury.com,0,0,/,0,http,0,0,0,0,0,1,0,0,0,0,1
www.rugles.com,0,0,/,0,http,0,0,0,2,0,2,0,0,0,0,1
www.redlineseo.com,0,0,/,0,http,0,0,0,0,0,1,0,0,0,0,1
www.refreshweb.com,0,0,/,0,http,0,0,0,0,0,0,0,0,0,0,2
www.rstwebsolutions.com,0,0,/,0,http,0,0,0,0,0,1,0,0,1,0,1
www.reidtechnologies.ca,0,0,/,0,http,0,0,0,0,0,1,0,0,0,0,2
www.rtproservices.com,0,0,/,0,http,0,0,0,2,0,2,0,0,0,0,1
www.room214.com,0,0,/,0,http,0,0,0,0,0,0,0,0,0,0,2
www.seo-websitepromotion.com,0,0,/,1,http,0,0,0,0,0,1,0,0,0,0,1
www.rankuno.com,0,0,/,0,http,0,0,0,0,0,0,0,0,0,0,2
www.roadmap-placement.com,0,0,/,1,http,0,0,0,2,0,2,0,0,0,1,1
www.rimmkaufman.com,0,0,/,0,http,0,0,0,0,0,0,0,0,0,0,2
www.rossjackson.co.uk,0,0,/,0,http,0,2,0,0,0,1,0,0,0,0,1
www.raspberrymarketing.com,0,0,/,0,http,0,0,0,0,0,1,0,0,0,0,1
www.resolutionmedia.com,0,0,,0,http,0,0,0,0,0,1,0,0,0,0,2
www.ranksubmit.com,0,0,/,0,http,0,0,0,0,0,1,0,0,0,1,1
www.rankhigh.biz,0,0,/,0,http,0,0,0,0,0,1,0,0,0,0,1
www.top-search-engine-ranking.co.uk,0,0,/,1,http,0,2,0,1,1,1,0,0,1,0,1
www.rapidblue.co.uk,0,0,/,0,http,0,2,0,0,0,1,0,0,0,0,1
www.ringjohn.com,0,0,/,0,http,0,0,0,0,0,0,0,0,0,0,1
riseinteractive.com,0,0,/,0,http,0,0,0,0,0,1,0,0,0,0,2
www.relaxseo.com,0,0,,0,http,0,0,0,0,0,1,0,0,0,0,1
www.redchillimarketing.co.uk,0,0,,0,http,0,2,0,0,0,1,0,0,0,0,1
www.reseo.com,0,0,,0,http,0,0,0,0,0,0,0,0,1,0,1
www.internetcampaignmanagement.com,0,0,,0,http,0,0,0,1,1,1,0,0,1,1,1
www.rootconcepts.com,0,0,,0,http,0,0,0,2,0,2,0,0,0,0,1
www.redchillisearch.com,0,0,,0,http,0,0,0,2,0,2,0,0,0,0,1
www.rankfirst.com.au,0,0,,0,http,0,2,0,1,0,1,0,0,0,1,2
www.realonlinemarketing.com,0,0,,0,http,0,0,0,0,0,1,0,0,0,0,1
www.revteq.com,0,0,,0,http,0,0,0,0,0,1,0,0,0,0,1
www.group41.com,0,0,/,0,http,0,0,0,0,0,1,0,0,1,0,1
www.sagerock.com,0,0,/,0,http,0,0,0,0,0,1,0,0,0,0,2
www.seotechnologies.com,0,0,,0,http,0,0,0,0,0,0,0,0,0,0,1
www.submit-url.net,0,0,/,1,http,0,0,0,0,0,1,0,0,0,0,1
www.searchengineer.co.uk,0,0,/,0,http,0,2,0,0,0,0,0,0,0,0,1
www.submission-pro.com,0,0,/,1,http,0,0,0,2,0,2,0,0,0,0,1
www.searchenginedesign.com,0,0,/,0,http,0,0,0,0,0,1,0,0,0,0,1
www.submit-pro.com,0,0,/,1,http,0,0,0,0,0,1,0,0,0,0,1
www.sixtop.co.uk,0,0,/,0,http,0,2,0,0,0,0,0,0,0,0,1
www.spiderbait.com,0,0,/,0,http,0,0,0,0,0,1,0,0,0,1,1
www.searchintelligence.ca,0,0,/,0,http,0,0,0,0,0,0,0,0,1,0,1
www.singlethrow.com,0,0,/,0,http,0,0,0,0,0,1,0,0,0,0,2
www.sitelynx.com,0,0,/,0,http,0,0,0,0,0,0,0,0,0,1,2
www.searchengineserious.co.uk,0,0,/,0,http,0,2,0,0,0,1,0,0,0,0,1
www.submitnet.net,0,0,/,0,http,0,0,0,0,0,1,0,0,0,0,2
www.searchsummit.com,0,0,/,0,http,0,0,0,0,0,1,0,0,0,1,2
www.searchenginewiz.com,0,0,/,0,http,0,0,0,0,0,1,0,0,0,0,1
www.slickwebz.com,0,0,/,0,http,0,0,0,2,0,2,0,0,0,0,1
www.searchenginetechnologies.com,0,0,/,0,http,0,0,0,0,0,1,0,0,0,0,1
www.seoanalysis.com,0,0,/,0,http,0,0,0,2,0,2,0,0,0,0,2
www.stepforth.com,0,0,,0,http,0,0,0,0,1,1,0,0,0,0,2
www.searchenginepatrol.com,0,0,/,0,http,0,0,0,0,0,1,0,0,0,0,1
www.searchanalysts.com,0,0,/,0,http,0,0,0,0,0,1,0,0,0,0,1
www.sitesolutions.com,0,0,/,0,http,0,0,0,0,0,0,0,0,0,0,2
www.stickyeyes.com,0,0,/,0,http,0,0,0,0,0,1,0,0,0,0,2
www.skipechert.com,0,0,/,0,http,0,0,0,0,0,0,0,0,0,1,2
www.sitepropel.com,0,0,/,0,http,0,0,0,0,0,1,0,0,0,0,1
www.searchenginepeople.com,0,0,/,0,http,0,0,0,0,0,0,0,0,0,0,0
www.submit-away.com,0,0,/,1,http,0,0,0,2,0,2,0,0,0,0,1
www.submitawebsite.com,0,0,/,0,http,0,0,0,0,0,1,0,0,0,0,2
www.superwebsitepromotion.com,0,0,/,0,http,0,0,0,1,1,1,0,0,1,0,1
www.successpromotions.com,0,0,/,0,http,0,0,0,0,0,0,0,0,0,0,2
www.siteblaster.co.uk,0,0,/,0,http,0,2,0,1,1,1,0,0,1,0,1
www.searchinnovation.com,0,0,/,0,http,0,0,0,0,0,1,0,0,0,0,1
www.submittoday.com,0,0,/,0,http,0,0,0,0,0,1,0,0,1,0,1
www.searchmar.com,0,0,/,0,http,0,0,0,0,0,1,0,0,0,0,1
www.seoinc.com,0,0,/,0,http,0,0,0,2,0,2,0,0,0,0,2
www.foryoursoft.com,0,0,/hypercalendar/,0,http,0,0,0,0,0,1,0,0,0,1,2
www.mdesoft.com,0,0,/home_eng.htm,0,http,0,2,0,2,0,2,0,0,0,1,1
contactplus.com,0,0,/products/freestuff/task.htm,0,http,0,0,0,0,0,1,0,0,0,0,2
www.cotton100.com,0,0,/,0,http,0,0,0,2,0,2,0,0,0,0,1
www.inklineglobal.org,0,0,/products/vdp/,0,http,0,0,0,0,0,1,0,0,0,0,1
www.sharewaresolutions.com,0,0,/html/calendar.html,0,http,0,2,0,0,0,1,0,0,0,0,1
www.amfsoftware.com,0,0,/windows/amfpim.html,0,http,0,2,0,0,0,1,0,0,1,0,1
www.idealcs.com,0,0,/calendar/,0,http,0,0,0,0,1,1,0,0,0,0,1
www.zabaware.com,0,0,/assistant/index.html,0,http,0,2,0,0,0,0,0,0,0,0,2
compunac.homestead.com,0,0,/index.html,0,http,0,2,0,0,0,0,0,0,0,0,1
www.calendarmine.com,0,0,/,0,http,0,0,0,0,0,1,0,0,0,0,1
www.hammersoftware.com,0,0,/calendar.html,0,http,0,2,0,0,0,0,0,0,0,0,1
www.calendarscope.com,0,0,/,0,http,0,0,0,2,0,1,0,0,0,0,2
www.zb2000.com,0,0,/acecalendar.htm,0,http,0,2,0,2,0,1,0,0,0,0,1
www.daansystems.com,0,0,/daancalendar/,0,http,0,0,0,2,0,0,0,0,0,0,2
hotshift.tripod.com,0,0,/,0,http,0,0,0,0,0,0,0,0,0,0,1
www.twesley.com,0,0,/~shiftcal/,0,http,0,0,0,2,0,1,0,0,0,0,2
www.naturcalendar.com,0,0,/,0,http,0,0,0,0,0,1,0,0,1,0,1
www.calnique.com,0,0,/,0,http,0,0,0,0,0,1,0,0,0,0,1
www.wallpaper-calendar.com,0,0,/,1,http,0,0,0,2,0,2,0,0,0,0,1
www.vaxtech.com,0,0,/birthday-reminder.htm,0,http,0,2,0,0,0,0,0,0,0,0,1
www.srosoftware.com,0,0,/sro_bc.htm,0,http,0,2,0,0,0,1,0,0,0,0,1
www.cm-soft.net,0,0,/index1.html,1,http,0,2,0,0,0,1,0,0,0,0,1
www.ecrew.org,0,0,/,0,http,0,0,0,0,0,1,0,0,0,0,1
www.softshape.com,0,0,/cham/,0,http,0,0,0,0,0,1,0,0,0,0,2
www.dummysoftware.com,0,0,/clockdummy.html,0,http,0,2,0,2,0,2,0,0,0,0,2
www.cheqsoft.com,0,0,/timesown.html,0,http,0,2,0,0,0,0,0,0,0,1,2
www.uk-software.com,0,0,/speakingclock.htm,1,http,0,2,0,2,0,2,0,0,0,0,1
www.dillobits.com,0,0,/,0,http,0,0,0,0,0,1,0,0,0,0,1
www.altrixsoft.com,0,0,,0,http,0,0,0,2,0,2,0,0,0,1,2
ourworld.compuserve.com,0,0,/homepages/anithmi/cyclocke.htm,0,http,0,2,2,0,0,1,0,0,1,0,2
www.atomtime.com,0,0,/,0,http,0,0,0,0,0,1,0,0,1,0,1
www.mtnsys.com,0,0,/pages/atomicclock.htm,0,http,0,2,0,1,1,1,0,0,0,0,2
www.paraben.com,0,0,/html/clock2.html,0,http,0,2,0,0,0,1,0,0,0,0,2
www.kaska.demon.co.uk,0,0,/,0,http,0,1,0,2,0,2,0,0,0,0,0
www.nestersoft.com,0,0,/timeleft/,0,http,0,0,0,0,0,1,0,0,0,1,2
www.chemware.co.nz,0,0,/tic.htm,0,http,0,1,0,1,0,1,0,0,0,0,2
www.blueprintsoftwareworks.com,0,0,/atomsync/,0,http,0,0,0,0,0,0,0,0,0,0,1
www.hoursandminutes.com,0,0,/,0,http,0,0,0,2,0,0,0,0,0,0,1
www.hiclock.com,0,0,/,0,http,0,0,0,2,0,2,0,0,0,0,1
www.springcreeksoftware.com,0,0,/,0,http,0,0,0,0,0,1,0,0,0,0,1
timerecorder.51.net,0,0,/,0,http,0,0,0,1,1,1,0,0,0,0,2
www.rayslab.com,0,0,/atomic_clock/atomic_clock.html,0,http,0,2,0,2,0,1,0,0,1,0,1
www.info-pack.com,0,0,/datetray/,1,http,0,0,0,0,0,1,0,0,0,0,2
www.lux-aeterna.com,0,0,/clock/,1,http,0,0,0,2,0,0,0,0,0,0,2
www.enins.com,0,0,/timesled/,0,http,0,0,0,0,0,1,0,0,0,0,2
www.acutesoftware.com.au,0,0,/timer.html,0,http,0,1,0,1,0,1,0,0,0,0,1
www.timeutilites.com,0,0,/,0,http,0,0,0,0,0,1,0,0,0,0,1
www.nehuenmultimedia.com.ar,0,0,/html/atomic_clock.html,0,http,0,1,2,1,1,1,0,0,1,0,1
www.softdemon.com,0,0,/clock/,0,http,0,0,0,0,0,1,0,0,0,0,1
www.timezonesforpcs.com,0,0,/,0,http,0,0,0,0,0,1,0,0,0,0,1
www.xnotestopwatch.com,0,0,/,0,http,0,0,0,0,0,1,0,0,0,0,2
visualversion.com,0,0,/timebuddy/index.html,0,http,0,0,0,0,0,1,0,0,0,0,1
www.rpoint.com,0,0,/pp/alarm-pro.aspx,0,http,0,2,0,0,0,1,0,0,0,1,1
www.lmhsoft.com,0,0,/timesync/,0,http,0,0,0,0,0,0,0,0,0,1,2
www.vioio.com,0,0,/mp3alarmclock.htm,0,http,0,2,0,1,1,1,0,0,0,0,2
littlemulticlock.com,0,0,/littlemulticlock/files/littlemulticlock.html,0,http,0,0,2,0,0,0,0,0,0,0,1
www.shelltoys.com,0,0,/speaking_clock/,0,http,0,0,0,0,0,1,0,0,0,0,1
www.basta.com,0,0,/prodhoras.htm,0,http,0,2,0,0,0,0,0,0,0,0,2
www.elprime.com,0,0,/,0,http,0,0,0,0,0,1,0,0,0,0,1
www.atsync.com,0,0,/,0,http,0,0,0,2,0,2,0,0,0,0,1
www.12noon.com,0,0,/,0,http,0,0,0,0,0,1,0,0,0,0,2
www.talkingtimekeeper.com,0,0,/,0,http,0,0,0,0,0,1,0,0,0,0,1
www.thecountdownclock.com,0,0,/,0,http,0,0,0,0,0,1,0,0,0,0,1
www.softros-tools.com,0,0,/,1,http,0,0,0,2,0,2,0,0,0,0,1
www.saythetime.com,0,0,/,0,http,0,0,0,0,0,1,0,0,0,0,2
www.utech.net.au,0,0,/index.php,0,http,0,1,1,1,0,1,0,0,1,0,1
www.loginor.qc.ca,0,0,/index_e.html,0,http,0,1,0,0,0,1,0,0,0,0,1
www.azzcardfile.com,0,0,/,0,http,0,0,0,0,0,1,0,0,0,0,2
www.mxac.com.au,0,0,/dragonfly.htm,0,http,0,1,0,1,0,1,0,0,0,0,2
www.tgslabs.com,0,0,/,0,http,0,0,0,0,0,1,0,0,0,0,2
www.gammadyne.com,0,0,/sb.htm,0,http,0,2,0,0,0,1,0,0,0,0,2
www.encodeteam.com,0,0,/,0,http,0,0,0,0,0,1,0,0,0,0,1
www.msdsoft.com,0,0,/agenda/eng/index.htm,0,http,0,2,0,0,0,1,0,0,0,1,2
www.inklineglobal.org,0,0,/,0,http,0,0,0,0,0,1,0,0,0,0,1
www.neverforget.com,0,0,/,0,http,0,0,0,0,0,1,0,0,0,1,1
www.cyber-matrix.com,0,0,/prosched.html,1,http,0,2,0,0,0,1,0,0,0,1,2
www.1soft.com,0,0,/aandb.html,0,http,0,2,0,0,0,1,0,0,0,1,2
www.ezoutliner.com,0,0,/,0,http,0,0,0,0,0,1,0,0,0,0,1
www.xreminder.com,0,0,/,0,http,0,0,0,2,0,2,0,0,0,0,1
www.inklineglobal.com,0,0,/products/vdp/,0,http,0,0,0,0,0,0,0,0,0,0,2
www.wjjsoft.com,0,0,/,0,http,0,0,0,0,1,0,0,0,0,1,2
www.personalmicrocosms.com,0,0,/html/32bit.html,0,http,0,2,0,0,0,1,0,0,0,0,1
www.pollensoftware.com,0,0,/task-o-matic/,0,http,0,0,0,2,0,2,0,0,0,0,1
www.angelfire.com,0,0,/ia/anniversary/,0,http,0,0,0,0,0,0,0,0,0,0,0
www.bitsmithsoft.com,0,0,/,0,http,0,0,0,0,0,0,0,0,0,1,2
www.mynotescenter.com,0,0,/,0,http,0,0,0,0,0,1,0,0,0,0,1
www.csoftlab.com,0,0,/,0,http,0,0,0,0,0,1,0,0,0,0,2
www.cancellieri.org,0,0,/pmo_index.htm,0,http,0,2,0,2,0,1,0,0,0,0,1
softnote.com,0,0,/,0,http,0,0,0,0,0,0,0,0,0,0,1
www.denverresearch.com,0,0,/pim/home.shtml,0,http,0,2,0,0,0,0,0,0,0,0,2
www.jsoftconsulting.com,0,0,/,0,http,0,0,0,0,0,0,0,0,0,0,1
www.cancellieri.org,0,0,/,0,http,0,0,0,2,0,1,0,0,0,0,1
www.winpim.com,0,0,/,0,http,0,0,0,0,0,0,0,0,0,0,2
www.lexasoftware.com,0,0,,0,http,0,0,0,0,0,1,0,0,0,0,1
www.cancellieri.org,0,0,/apim_index.htm,0,http,0,2,0,2,0,1,0,0,0,0,1
www.freedomsoftware.net,0,0,/,0,http,0,0,0,2,0,2,0,0,0,0,1
www.joels-journal.com,0,0,/,1,http,0,0,0,2,0,2,0,0,0,0,1
www.pimone.com,0,0,/,0,http,0,0,0,0,0,1,0,0,0,0,2
www.angelicsoftware.com,0,0,/,0,http,0,0,0,0,0,1,0,0,0,0,2
www.freedomsoftware.net,0,0,/notebook.html,0,http,0,2,0,2,0,2,0,0,0,0,1
www.geocities.com,0,0,/angelicangelsnf/,0,http,0,0,0,2,0,2,0,0,0,0,2
www.arenel.com,0,0,,0,http,0,0,0,0,0,1,0,0,0,0,1
home.insightbb.com,0,0,/~bastshaman/index.html,0,http,0,2,0,2,0,2,0,0,0,0,2
www.becks-cats.com,0,0,,1,http,0,0,0,1,1,1,0,0,1,0,1
www.bedoroses.com,0,0,/,0,http,0,0,0,0,0,0,0,0,0,0,1
www.angelfire.com,0,0,/ms/brikalacy/,0,http,0,0,0,0,0,0,0,0,0,0,0
castleglen.homestead.com,0,0,/intro.html,0,http,0,2,0,0,0,0,0,0,0,0,1
catnipkids.homestead.com,0,0,/cattery.html,0,http,0,2,0,0,0,0,0,0,0,0,1
www.cayugafarm.com,0,0,,0,http,0,0,0,2,0,2,0,0,0,0,1
www.geocities.com,0,0,/demiaracats/cattery.html,0,http,0,2,0,2,0,2,0,0,0,0,2
www.geocities.com,0,0,/himalayancats2000/index.html,0,http,0,2,0,2,0,2,0,0,0,0,2
everdreamhimalayan.tripod.com,0,0,/,0,http,0,0,0,0,0,0,0,0,0,0,1
www.fancyfriends.com,0,0,/,0,http,0,0,0,0,0,0,0,0,0,0,1
www.fancyfluff.i8.com,0,0,,0,http,0,2,0,0,0,1,0,0,0,0,1
www.geocities.com,0,0,/fluffydreamscatteryca/index.html,0,http,0,2,2,2,0,2,0,0,0,0,2
www.furpleasure.com,0,0,/,0,http,0,0,0,0,0,1,0,0,0,0,1
godzanointed4him.homestead.com,0,0,/,0,http,0,0,0,0,0,0,0,0,0,0,1
www.geocities.com,0,0,/himicats/,0,http,0,0,0,2,0,2,0,0,0,0,2
www.itikat.com,0,0,/,0,http,0,0,0,0,0,1,0,0,0,1,1
www.kattenbach.com,0,0,,0,http,0,0,0,0,0,1,0,0,0,0,1
www.kutzikoo.com,0,0,,0,http,0,0,0,1,1,1,0,0,1,0,1
www.geocities.com,0,0,/labonita_persians/,0,http,0,0,0,2,0,2,0,0,0,0,2
www.leclubfur.com,0,0,/,0,http,0,0,0,0,0,1,0,0,0,0,2
www.geocities.com,0,0,/luvhavencats/,0,http,0,0,0,2,0,2,0,0,0,0,2
sulebrity.homestead.com,0,0,/,0,http,0,0,0,0,0,0,0,0,0,0,1
www.geocities.com,0,0,/sunnylakes/,0,http,0,0,0,2,0,2,0,0,0,0,2
www.tanglebox.net,0,0,,0,http,0,0,0,0,0,0,0,0,1,0,1
home19.inet.tele.dk,0,0,/teahs/,0,http,0,2,0,0,0,1,0,0,1,0,2
www.tinyjewels.homestead.com,0,0,/index.html,0,http,0,1,0,0,0,0,0,0,0,0,1
www.tntpuff.com,0,0,,0,http,0,0,0,2,0,2,0,0,0,0,1
www.whisperwoodcats.com,0,0,/,0,http,0,0,0,2,0,2,0,0,0,0,1
www.yewcats.com,0,0,/,0,http,0,0,0,0,0,1,0,0,0,0,2
www.geocities.com,0,0,/milhorn2002/index.html,0,http,0,2,0,2,0,2,0,0,0,0,2
www.pawsandpurrscattery.com,0,0,/,0,http,0,0,0,2,0,2,0,0,0,0,1
www.fancyfurs.net,0,0,,0,http,0,0,0,1,1,1,0,0,1,0,1
www.naru.20m.com,0,0,,0,http,0,2,0,0,0,0,0,0,0,0,2
home.earthlink.net,0,0,/~sandypaws/,0,http,0,0,0,0,0,1,0,0,0,0,0
playwickeycats.com,0,0,/index.shtml,0,http,0,0,0,0,0,1,0,0,0,0,1
www.ristokat.com,0,0,/,0,http,0,0,0,0,0,1,0,0,0,1,1
www.catteryrow.com,0,0,/pacificpurr/index.html,0,http,0,2,0,0,0,1,0,0,1,0,1
www.geocities.com,0,0,/paisleypaws/,0,http,0,0,0,2,0,2,0,0,0,0,2
radzacatz.homestead.com,0,0,/,0,http,0,0,0,0,0,0,0,0,0,0,1
www.members.tripod.com,0,0,/izshe/,0,http,0,2,0,0,0,0,0,0,0,0,0
www.pawtrixcove.com,0,0,,0,http,0,0,0,0,0,1,0,0,0,0,1
www.sunstreamcats.com,0,0,/,0,http,0,0,0,1,1,1,0,0,1,0,1
www.ceylon.ws,0,0,,0,http,0,0,0,1,0,1,0,0,0,0,1
www.himmikatz.com,0,0,/,0,http,0,0,0,0,0,1,0,0,1,0,1
www.geocities.com,0,0,/fuzzy_britches1/fuzzybritches.html,0,http,0,2,2,2,0,2,0,0,0,0,2
www.kasiakatz.com,0,0,,0,http,0,0,0,0,0,1,0,0,0,0,1
katzcaprice.com,0,0,,0,http,0,0,0,2,0,2,0,0,0,0,1
www.ma-liakatz.com,0,0,/,1,http,0,0,0,2,0,2,0,0,0,0,1
www.blackriverhimalayans.20m.com,0,0,,0,http,0,2,0,0,0,0,0,0,0,0,2
www.ieasysite.com,0,0,/sunshinezzz,0,http,0,0,0,2,0,2,0,0,0,0,2
www.catleycrue.com,0,0,,0,http,0,0,0,0,0,1,0,0,0,0,1
www.pointedpurrs.com,0,0,/,0,http,0,0,0,1,1,1,0,0,1,0,1
www.nymews.com,0,0,,0,http,0,0,0,0,0,1,0,0,0,0,2
www.geocities.com,0,0,/kitties2luv/,0,http,0,0,0,2,0,2,0,0,0,0,2
www.geocities.com,0,0,/angelpawscattery2003/index.html,0,http,0,2,2,2,0,2,0,0,0,0,2
www.geocities.com,0,0,/sunnybrookkittens/,0,http,0,0,0,2,0,2,0,0,0,0,2
www.shadenshadow.com,0,0,,0,http,0,0,0,0,0,1,0,0,1,0,1
www.furrmine.com,0,0,,0,http,0,0,0,1,1,1,0,0,1,0,1
www.silkenrosepersians.com,0,0,,0,http,0,0,0,0,0,1,0,0,0,0,1
www.kaydekatz.com,0,0,,0,http,0,0,0,2,0,2,0,0,0,0,1
www.geocities.com,0,0,/heavenlymews/,0,http,0,0,0,2,0,2,0,0,0,0,2
jentopiacats.com,0,0,,0,http,0,0,0,1,1,1,0,0,1,0,1
www.purrs-of-luvcattery.com,0,0,,1,http,0,0,0,0,0,1,0,0,0,0,1
www.purfectkittypersians.com,0,0,/,0,http,0,0,0,1,1,1,0,0,1,0,1
www.geocities.com,0,0,/maxnkoko/index.html,0,http,0,2,0,2,0,2,0,0,0,0,2
www.grovewoodcats.com,0,0,/,0,http,0,0,0,0,0,0,0,0,0,0,1
www.lechatpaws.com,0,0,/,0,http,0,0,0,1,1,1,0,0,1,0,1
kisancats.com,0,0,/,0,http,0,0,0,1,1,1,0,0,1,0,1
www.lakehyco.com,0,0,/,0,http,0,0,0,0,0,1,0,0,0,0,1
webpages.charter.net,0,0,/sassipurrs/,0,http,0,0,0,2,0,2,0,0,0,0,0
www.co-bridge.com,0,0,,1,http,0,0,0,2,0,2,0,0,0,0,1
www.calebcats.com,0,0,,0,http,0,0,0,0,0,1,0,0,0,0,2
rumscott.homestead.com,0,0,/,0,http,0,0,0,0,0,0,0,0,0,0,1
www.wonderfluf.com,0,0,,0,http,0,0,0,0,0,1,0,0,0,0,1
sunshinezzz.ieasysite.com,0,0,/,0,http,0,0,0,2,0,2,0,0,0,0,2
www.ozemail.com.au,0,0,/~ebunny,0,http,0,2,0,1,0,1,0,0,0,0,2
planeta.terra.com.br,0,0,/lazer/gatilmiragem,0,http,0,2,0,1,0,1,0,0,0,0,0
www.blazestar.com.br,0,0,/,0,http,0,2,0,1,0,1,0,0,0,0,1
www.himalayan.org,0,0,/,0,http,0,0,0,0,0,1,0,0,0,0,2
www.geocities.com,0,0,/area51/dreamworld/9882/index.html,0,http,0,2,2,2,0,2,0,0,0,0,2
www.cfainc.org,0,0,/breeds/profiles/persian-him.html,0,http,0,2,2,0,0,0,0,0,0,0,1
www.aaceinc.org,0,0,/pages/breeds/him.htm,0,http,0,2,0,0,0,1,0,0,0,0,2
p.webring.com,0,0,/hub,0,http,0,0,0,0,0,0,0,0,0,0,2
www.cfainc.org,0,0,/breeds/profiles/japanese.html,0,http,0,2,0,0,0,0,0,0,0,0,1
www.breedlist.com,0,0,/japanese-bobtail-breeders.html,0,http,0,2,2,0,0,0,0,0,0,1,2
www.japanesebobtails.com,0,0,/,0,http,0,0,0,0,0,0,0,0,0,0,1
www.cfainc.org,0,0,/breeds/profiles/articles/japanese.html,0,http,0,2,2,0,0,0,0,0,0,0,1
www.fanciers.com,0,0,/breed-faqs/japanese-bobtail-faq.html,0,http,0,2,2,0,0,0,0,0,0,0,2
www.catchicats.com,0,0,/,0,http,0,0,0,0,0,1,0,0,0,0,1
www.kiddlyn.com,0,0,/,0,http,0,0,0,0,0,0,0,0,0,0,1
www.angelfire.com,0,0,/il3/jakoi/,0,http,0,0,0,0,0,0,0,0,0,0,0
www.sailbourne.com,0,0,/,0,http,0,0,0,0,0,1,0,0,0,0,2
www.janipurr.com,0,0,/,0,http,0,0,0,0,0,0,0,0,0,0,1
www.geocities.com,0,0,/kurisumasu_jbt/,0,http,0,0,0,2,0,2,0,0,0,0,2
members.shaw.ca,0,0,/jbobtails/index.htm,0,http,0,2,0,0,0,1,0,0,0,0,0
www.solstans.co.uk,0,0,/,0,http,0,2,0,0,0,1,0,0,1,0,1
www.goutokuji.com,0,0,/,0,http,0,0,0,2,0,2,0,0,0,0,1
www.samizcats.com,0,0,,0,http,0,0,0,0,0,1,0,0,0,0,1
www.uvm.edu,0,0,/~video/,0,http,0,0,0,1,0,1,0,0,0,0,0
learn.uvm.edu,0,0,/focus/,0,http,0,0,0,1,0,1,0,0,0,0,0
www.uvm.edu,0,0,/~gradcoll/,0,http,0,0,0,1,0,1,0,0,0,0,0
www.uvm.edu,0,0,/academics/,0,http,0,1,2,1,0,1,0,0,0,0,0
www.uvm.edu,0,0,/~histpres,0,http,0,0,0,1,0,1,0,0,0,0,0
www.uvm.edu,0,0,/~biomed/,0,http,0,0,0,1,0,1,0,0,0,0,0
www.uvm.edu,0,0,/~cnhs/,0,http,0,0,0,1,0,1,0,0,0,0,0
www.bsad.uvm.edu,0,0,/,0,http,0,2,0,1,0,1,0,0,0,0,0
www.uvm.edu,0,0,/~envprog/,0,http,0,0,0,1,0,1,0,0,0,0,0
www.uvm.edu,0,0,/snr/,0,http,0,0,0,1,0,1,0,0,0,0,0
www.uvm.edu,0,0,/snr/,0,http,0,2,2,1,0,1,0,0,0,0,0
www.uvm.edu,0,0,/snr/,0,http,0,2,2,1,0,1,0,0,0,0,0
www.uvm.edu,0,0,/snr/,0,http,0,2,0,1,0,1,0,0,0,0,0
www.uvm.edu,0,0,/snr/,0,http,0,2,2,1,0,1,0,0,0,0,0
www.uvm.edu,0,0,/snr/,0,http,0,2,2,1,0,1,0,0,0,0,0
www.uvm.edu,0,0,/snr/,0,http,0,2,0,1,0,1,0,0,0,0,0
www.uvm.edu,0,0,/~dceweb/lane/,0,http,0,0,0,1,0,1,0,0,0,0,0
www.uvm.edu,0,0,/~sacon/,0,http,0,0,0,1,0,1,0,0,0,0,0
www.uvm.edu,0,0,/~ncow/,0,http,0,0,0,1,0,1,0,0,0,0,0
www.uvm.edu,0,0,/events/,0,http,0,0,0,1,0,1,0,0,0,0,0
www.uvm.edu,0,0,/~uvmcts/,0,http,0,0,0,1,0,1,0,0,0,0,0
www.uvm.edu,0,0,/~fleming/index.php,0,http,0,2,2,1,0,1,0,0,0,0,0
www.uvm.edu,0,0,/~jdavison/,0,http,0,0,0,1,0,1,0,0,0,0,0
www.uvm.edu,0,0,/~sjc/,0,http,0,0,0,1,0,1,0,0,0,0,0
www.emba.uvm.edu,0,0,/~archdeac/,0,http,0,2,0,1,0,1,0,0,0,0,0
www.uvm.edu,0,0,/~jleonard/,0,http,0,0,0,1,0,1,0,0,0,0,0
www.emba.uvm.edu,0,0,/~read/,0,http,0,2,0,1,0,1,0,0,0,0,0
www.uvm.edu,0,0,/~rullrich/first.html,0,http,0,2,0,1,0,1,0,0,0,0,0
www.emba.uvm.edu,0,0,/~mirchand/,0,http,0,2,0,1,0,1,0,0,0,0,0
mansfield.emba.uvm.edu,0,0,/~douglas/,0,http,0,2,0,1,0,1,0,0,0,0,0
www.emba.uvm.edu,0,0,/~rcrouse/,0,http,0,2,0,1,0,1,0,0,0,0,0
www.uvm.edu,0,0,/~dbarring/home.html,0,http,0,2,0,1,0,1,0,0,0,0,0
www.emba.uvm.edu,0,0,/~dinitz/,0,http,0,2,0,1,0,1,0,0,0,0,0
www.emba.uvm.edu,0,0,/~dben/,0,http,0,2,0,1,0,1,0,0,0,0,0
www.emba.uvm.edu,0,0,/~burgmeie/,0,http,0,2,0,1,0,1,0,0,0,0,0
www.emba.uvm.edu,0,0,/~cooke/,0,http,0,2,0,1,0,1,0,0,0,0,0
www.emba.uvm.edu,0,0,/~puterbau/,0,http,0,2,0,1,0,1,0,0,0,0,0
www.emba.uvm.edu,0,0,/~wilson/,0,http,0,2,0,1,0,1,0,0,0,0,0
www.uvm.edu,0,0,/~dguber/,0,http,0,0,0,1,0,1,0,0,0,0,0
www.emba.uvm.edu,0,0,/~snapp/,0,http,0,2,0,1,0,1,0,0,0,0,0
www.uvm.edu,0,0,/~hag/personal/,0,http,0,0,0,1,0,1,0,0,0,0,0
www.uvm.edu,0,0,/~lizzo/,0,http,0,0,0,1,0,1,0,0,0,0,0
www.uvm.edu,0,0,/~der/,0,http,0,0,0,1,0,1,0,0,0,0,0
www.uvm.edu,0,0,/~jdion/,0,http,0,0,0,1,0,1,0,0,0,0,0
www.uvm.edu,0,0,/~dmatthew/,0,http,0,0,0,1,0,1,0,0,0,0,0
www.uvm.edu,0,0,/academics/catalogue2006-07/,0,http,0,0,0,1,0,1,0,0,0,0,0
optimization.asu.edu,0,0,/~xue/,0,http,0,0,0,1,0,1,0,0,0,0,0
universitycommunications.uvm.edu,0,0,/spring2001/webreleaseonunionpetitionresponse.htm,0,http,0,2,1,1,0,1,0,0,0,0,0
www.unitedacademics.org,0,0,/,0,http,0,0,0,0,0,0,0,0,0,0,2
voyager.uvm.edu,0,0,/,0,http,0,0,0,1,0,1,0,0,0,0,0
www.uvm.edu,0,0,/whale/,0,http,0,0,0,1,0,1,0,0,0,0,0
www.uvm.edu,0,0,/~fleming/,0,http,0,0,0,1,0,1,0,0,0,0,0
library.uvm.edu,0,0,/,0,http,0,0,0,1,0,1,0,0,0,0,0
library.uvm.edu,0,0,/dana/,0,http,0,0,0,1,0,1,0,0,0,0,0
www.uvm.edu,0,0,/perkins/,0,http,0,0,0,1,0,1,0,0,0,0,0
www.uvm.edu,0,0,/~pmrc/pmrccam.html,0,http,0,2,0,1,0,1,0,0,0,0,0
universitycommunications.uvm.edu,0,0,/tour/,0,http,0,0,2,1,0,1,0,0,0,0,0
www.uvm.edu,0,0,/~pmrc/sugarcam.html,0,http,0,2,0,1,0,1,0,0,0,0,0
www.uvm.edu,0,0,/map/,0,http,0,0,0,1,0,1,0,0,0,0,0
www.uvm.edu,0,0,/about_uvm/visiting/,0,http,0,2,2,1,0,1,0,0,0,0,0
www.uvm.edu,0,0,/uvmtoday/,0,http,0,0,0,1,0,1,0,0,0,0,0
universitycommunications.uvm.edu,0,0,/vq/index.html,0,http,0,2,0,1,0,1,0,0,0,0,0
universitycommunications.uvm.edu,0,0,/,0,http,0,0,0,1,0,1,0,0,0,0,0
www.vermontcynic.com,0,0,/,0,http,0,0,0,0,0,1,0,0,0,0,1
www.uvm.edu,0,0,/~vtconn/,0,http,0,0,0,1,0,1,0,0,0,0,0
www.uvm.edu,0,0,/~uvmemu/,0,http,0,0,0,1,0,1,0,0,0,0,0
www.uvm.edu,0,0,/~uvmtv/,0,http,0,0,0,1,0,1,0,0,0,0,0
www.uvm.edu,0,0,/~wruv/,0,http,0,0,0,1,0,1,0,0,0,0,0
www.uvm.edu,0,0,/~aaeo/,0,http,0,0,0,1,0,1,0,0,0,0,0
giraffe.uvm.edu,0,0,/~rgweb/,0,http,0,0,0,1,0,1,0,0,0,0,0
reslife.uvm.edu,0,0,/,0,http,0,0,0,1,0,1,0,0,0,0,0
www.uvm.edu,0,0,/~energy/,0,http,0,0,0,1,0,1,0,0,0,0,0
www.uvm.edu,0,0,/~uvmppd/,0,http,0,0,0,1,0,1,0,0,0,0,0
www.uvm.edu,0,0,/~cntrllrs/,0,http,0,0,0,1,0,1,0,0,0,0,0
www.uvm.edu,0,0,/~ofabweb/,0,http,0,0,0,1,0,1,0,0,0,0,0
www.uvm.edu,0,0,/~ugpdept/,0,http,0,0,0,1,0,1,0,0,0,0,0
www.uvm.edu,0,0,/~photo/,0,http,0,0,0,1,0,1,0,0,0,0,0
www.uvm.edu,0,0,/~catcard/,0,http,0,0,0,1,0,1,0,0,0,0,0
www.uvm.edu,0,0,/~plan/,0,http,0,0,0,1,0,1,0,0,0,0,0
www.uvm.edu,0,0,/~afsdept/,0,http,0,0,0,1,0,1,0,0,0,0,0
www.uvm.edu,0,0,/~uvmhr/,0,http,0,0,0,1,0,1,0,0,0,0,0
www.uvm.edu,0,0,/~training/,0,http,0,0,0,1,0,1,0,0,0,0,0
www.uvm.edu,0,0,/~sisi/,0,http,0,0,0,1,0,1,0,0,0,0,0
www.uvm.edu,0,0,/~purcard/,0,http,0,0,0,1,0,1,0,0,0,0,0
www.uvm.edu,0,0,/~arch/,0,http,0,0,0,1,0,1,0,0,0,0,0
www.uvm.edu,0,0,/~uvmppd/,0,http,0,1,1,1,0,1,0,0,0,0,0
www.uvm.edu,0,0,/~ospuvm/,0,http,0,0,0,1,0,1,0,0,0,0,0
www.uvm.edu,0,0,/~oacm/,0,http,0,0,0,1,0,1,0,0,0,0,0
www.uvm.edu,0,0,/studentlife/,0,http,0,0,0,1,0,1,0,0,0,0,0
www.uvm.edu,0,0,/~clascomp/,0,http,0,0,0,1,0,1,0,0,0,0,0
www.uvm.edu,0,0,/~dos/assist/,0,http,0,0,0,1,0,1,0,0,0,0,0
www.uvm.edu,0,0,/~juggle/,0,http,0,0,0,1,0,1,0,0,0,0,0
www.uvm.edu,0,0,/~uvmopt/,0,http,0,0,0,1,0,1,0,0,0,0,0
debate.uvm.edu,0,0,/,0,http,0,0,0,1,0,1,0,0,0,0,0
www.uvm.edu,0,0,/~service/,0,http,0,0,0,1,0,1,0,0,0,0,0
www.uvm.edu,0,0,/~catfs/,0,http,0,0,0,1,0,1,0,0,0,0,0
www.uvm.edu,0,0,/~alco/,0,http,0,0,0,1,0,1,0,0,0,0,0
www.uvm.edu,0,0,/sparc/,0,http,0,0,0,1,0,1,0,0,0,0,0
www.uvm.edu,0,0,/~uvmwoc/,0,http,0,0,0,1,0,1,0,0,0,0,0
www.uvm.edu,0,0,/~outside/,0,http,0,0,0,1,0,1,0,0,0,0,0
www.uvm.edu,0,0,/~topcats/,0,http,0,0,0,1,0,1,0,0,0,0,0
www.uvm.edu,0,0,/~legal,0,http,0,0,0,1,0,1,0,0,0,0,0
www.uvm.edu,0,0,/~rescue/,0,http,0,0,0,1,0,1,0,0,0,0,0
www.uvm.edu,0,0,/~hearts/,0,http,0,0,0,1,0,1,0,0,0,0,0
www.uvm.edu,0,0,/~boulder/,0,http,0,0,0,1,0,1,0,0,0,0,0
www.uvm.edu,0,0,/~skiclub/,0,http,0,0,0,1,0,1,0,0,0,0,0
www.uvm.edu,0,0,/greening/,0,http,0,0,0,1,0,1,0,0,0,0,0
www.uvm.edu,0,0,/~uvmsga/,0,http,0,0,0,1,0,1,0,0,0,0,0
www.uvm.edu,0,0,/~rlweb/ira/,0,http,0,0,0,1,0,1,0,0,0,0,0
www.emba.uvm.edu,0,0,/~asem,0,http,0,2,0,1,0,1,0,0,0,0,0
www.emba.uvm.edu,0,0,/~asce/,0,http,0,2,0,1,0,1,0,0,0,0,0
www.emba.uvm.edu,0,0,/~asme/,0,http,0,2,0,1,0,1,0,0,0,0,0
www.emba.uvm.edu,0,0,/~cssa/,0,http,0,2,0,1,0,1,0,0,0,0,0
www.uvm.edu,0,0,/~geogclub/,0,http,0,0,0,1,0,1,0,0,0,0,0
www.uvm.edu,0,0,/~goodrich/,0,http,0,0,0,1,0,1,0,0,0,0,0
pss.uvm.edu,0,0,/hortclub/,0,http,0,0,0,1,0,1,0,0,0,0,0
www.uvm.edu,0,0,/~phibeta/,0,http,0,0,0,1,0,1,0,0,0,0,0
universitycommunications.uvm.edu,0,0,/fall99releases/webclimbthewalls.htm,0,http,0,2,2,1,0,1,0,0,0,0,0
www.uvmgreeklife.com,0,0,/,0,http,0,0,0,0,0,0,0,0,0,0,1
www.agrinvt.org,0,0,/,0,http,0,0,0,2,0,2,0,0,0,0,1
www.uvm.edu,0,0,/~fiji2,0,http,0,0,0,1,0,1,0,0,0,0,0
www.uvm.edu,0,0,/~sigep/,0,http,0,0,0,1,0,1,0,0,0,0,0
www.uvm.edu,0,0,/~aphio/,0,http,0,0,0,1,0,1,0,0,0,0,0
www.uvm.edu,0,0,/~sigmaphi/home.htm,0,http,0,2,0,1,0,1,0,0,0,0,0
www.uvm.edu,0,0,/~uvmaz/,0,http,0,0,0,1,0,1,0,0,0,0,0
uvm.phideltatheta.org,0,0,/,0,http,0,0,0,0,0,1,0,0,0,0,2
www.uvm.edu,0,0,/~tridelt/,0,http,0,0,0,1,0,1,0,0,0,0,0
www.uvm.edu,0,0,/~uvmivcf/,0,http,0,0,0,1,0,1,0,0,0,0,0
www.uvmhillel.org,0,0,/,0,http,0,0,0,0,0,0,0,0,0,0,2
www.uvm.edu,0,0,/~ohpr/,0,http,0,0,0,1,0,1,0,0,0,0,0
www.uvm.edu,0,0,/~helix/,0,http,0,0,0,1,0,1,0,0,0,0,0
www.uvm.edu,0,0,/~vlrs/,0,http,0,0,0,1,0,1,0,0,0,0,0
pss.uvm.edu,0,0,/dept/hort_farm/,0,http,0,0,0,1,0,1,0,0,0,0,0
www.uvm.edu,0,0,/~crvt/,0,http,0,0,0,1,0,1,0,0,0,0,0
crs.uvm.edu,0,0,/,0,http,0,0,0,1,0,1,0,0,0,0,0
www.uvm.edu,0,0,/~susagctr/,0,http,0,0,0,1,0,1,0,0,0,0,0
www.uvm.edu,0,0,/~uvmsbf/,0,http,0,0,0,1,0,1,0,0,0,0,0
www.uvm.edu,0,0,/~dmatthew/,0,http,0,0,0,1,0,1,0,0,0,0,0
orchard.uvm.edu,0,0,/,0,http,0,0,0,1,0,1,0,0,0,0,0
blood.uvm.edu,0,0,/,0,http,0,0,0,1,0,1,0,0,0,0,0
www.uvm.edu,0,0,/~uvmchs/,0,http,0,0,0,1,0,1,0,0,0,0,0
www.uvm.edu,0,0,/~vtreads/uvmhome.html,0,http,0,2,0,1,0,1,0,0,0,0,0
www.snellingcenter.org,0,0,/,0,http,0,0,0,0,0,0,0,0,0,0,1
www.uvm.edu,0,0,/~epscor/,0,http,0,0,0,1,0,1,0,0,0,0,0
www.uvm.edu,0,0,/~plantbio/,0,http,0,1,2,1,0,1,0,0,0,0,0
www.uvm.edu,0,0,/vtaes/,0,http,0,0,0,1,0,1,0,0,0,0,0
www.uvm.edu,0,0,/~cdci/,0,http,0,0,0,1,0,1,0,0,0,0,0
cwf.uvm.edu,0,0,/cris/,0,http,0,0,0,1,0,1,0,0,0,0,0
www.uvminnovations.com,0,0,/,0,http,0,0,0,2,0,2,0,0,0,0,1
www.rcgrd.uvm.edu,0,0,/,0,http,0,2,0,1,0,1,0,0,0,0,0
www.dad.state.vt.us,0,0,/atp/resource%20links/communication.htm,0,http,0,1,2,0,0,1,0,0,0,0,2
www.uvm.edu,0,0,/envnr/vtcfwru/,0,http,0,0,0,1,0,1,0,0,0,0,0
www.uvm.edu,0,0,/~envnr/sal/,0,http,0,0,0,1,0,1,0,0,0,0,0
www.uvm.edu,0,0,/~compor/,0,http,0,0,0,1,0,1,0,0,0,0,0
www.uvm.edu,0,0,/~pmrc/,0,http,0,0,0,1,0,1,0,0,0,0,0
vtspacegrant.org,0,0,/,0,http,0,0,0,0,0,0,0,0,0,0,2
www.uvm.edu,0,0,/uvmtoday/community.html,0,http,0,2,0,1,0,1,0,0,0,0,0
www.uvm.edu,0,0,/~dpelkey/,0,http,0,0,0,1,0,1,0,0,0,0,0
agave.garden.org,0,0,/~aaronh/,0,http,0,0,0,0,0,0,0,0,0,0,0
www.uvm.edu,0,0,/~learnco/,0,http,0,0,0,1,0,1,0,0,0,0,0
www.uvm.edu,0,0,/~police/,0,http,0,0,0,1,0,1,0,0,0,0,0
www.uvm.edu,0,0,/~spirit/,0,http,0,0,0,1,0,1,0,0,0,0,0
www.uvm.edu,0,0,/~counscen/,0,http,0,0,0,1,0,1,0,0,0,0,0
www.uvm.edu,0,0,/~oies/,0,http,0,0,0,1,0,1,0,0,0,0,0
www.uvm.edu,0,0,/~women/,0,http,0,0,0,1,0,1,0,0,0,0,0
www.uvm.edu,0,0,/~ccpuvm/,0,http,0,0,0,1,0,1,0,0,0,0,0
www.uvm.edu,0,0,/~lgbtqa/,0,http,0,0,0,1,0,1,0,0,0,0,0
ctl.uvm.edu,0,0,/,0,http,0,0,0,1,0,1,0,0,0,0,0
www.uvm.edu,0,0,/health/,0,http,0,0,0,1,0,1,0,0,0,0,0
www.uvm.edu,0,0,/~tpswww/,0,http,0,0,0,1,0,1,0,0,0,0,0
uds.uvm.edu,0,0,/,0,http,0,0,0,1,0,1,0,0,0,0,0
www.uvm.edu,0,0,/~access/,0,http,0,0,0,1,0,1,0,0,0,0,0
www.uvm.edu,0,0,/~uvmiac/,0,http,0,0,0,1,0,1,0,0,0,0,0
www.uvm.edu,0,0,/~career,0,http,0,0,0,1,0,1,0,0,0,0,0
siri.uvm.edu,0,0,/,0,http,0,0,0,1,0,1,0,0,0,0,0
esf.uvm.edu,0,0,/,0,http,0,0,0,1,0,1,0,0,0,0,0
www.uvm.edu,0,0,/~wrtngctr/,0,http,0,0,0,1,0,1,0,0,0,0,0
www.vermontlaw.edu,0,0,/,0,http,0,0,0,1,0,1,0,0,0,0,2
www.vjel.org,0,0,,0,http,0,0,0,0,0,1,0,0,0,0,1
www.woodbury-college.edu,0,0,/,1,http,0,0,0,1,0,1,0,0,1,0,1
www.gwvirginia.gwu.edu,0,0,/,0,http,0,2,0,1,0,1,0,0,0,0,0
www.cdu.edu,0,0,/,0,http,0,0,0,1,0,1,0,0,0,0,2
www.umtweb.edu,0,0,/,0,http,0,0,0,1,0,1,0,0,0,0,2
www.virginia529.com,0,0,/,0,http,0,0,0,0,0,0,0,0,0,0,2
www.uacp.org,0,0,,0,http,0,0,0,0,0,1,0,0,0,0,1
www.cordobauniversity.org,0,0,/,0,http,0,0,0,0,0,1,0,0,0,0,1
www.artinstitutes.edu,0,0,/arlington/,0,http,0,0,0,1,0,1,0,0,0,0,0
www.apprenticeschool.com,0,0,,0,http,0,0,0,0,0,0,0,0,0,0,1
www.gobuilders.com,0,0,/,0,http,0,0,0,2,0,2,0,0,0,0,2
www.abbc.edu,0,0,/,0,http,0,0,0,1,0,1,0,0,1,0,1
www.averett.edu,0,0,/,0,http,0,0,0,1,0,1,0,0,0,0,2
www.averettcougars.com,0,0,/,0,http,0,0,0,0,0,0,0,0,0,0,2
www.bluefield.edu,0,0,/,0,http,0,0,0,1,0,1,0,0,0,0,2
www.bluefield.edu,0,0,/templates/system/details.asp,0,http,0,2,1,1,0,1,0,0,0,0,2
www.bridgewater.edu,0,0,/,0,http,0,0,0,1,0,1,0,0,0,0,2
www.bridgewater.edu,0,0,/athletics,0,http,0,0,0,1,0,1,0,0,0,0,2
christ-college.com,0,0,/,1,http,0,0,0,0,0,1,0,0,0,0,1
www.christendom.edu,0,0,,0,http,0,0,0,1,0,1,0,0,0,0,2
www.christendom.edu,0,0,/athletics/,0,http,0,0,0,1,0,1,0,0,0,0,2
www.cnu.edu,0,0,/,0,http,0,0,0,1,0,1,0,0,0,0,2
www.cnubooks.com,0,0,/,0,http,0,0,0,2,0,2,0,0,0,0,1
eebweb.arizona.edu,0,0,/faculty/hopp/vireo.html,0,http,0,2,0,1,0,1,0,0,0,0,0
www.utahbirds.org,0,0,/birdsofutah/birdsl-r/plumbeousvireo.htm,0,http,0,2,2,0,0,1,0,0,0,0,2
www.greglasley.net,0,0,/gvireo.html,0,http,0,2,0,0,0,0,0,0,0,0,1
birds.cornell.edu,0,0,/bfl/speciesaccts/casvir.html,0,http,0,2,0,1,0,1,0,0,0,0,0
www.mbr-pwrc.usgs.gov,0,0,/id/framlst/i6230id.html,1,http,0,1,0,1,0,1,0,0,0,0,0
www.wbu.com,0,0,/chipperwoods/photos/revireo.htm,0,http,0,2,0,0,0,1,0,0,0,0,2
www.stanfordalumni.org,0,0,/birdsite/text/species/hutton's_vireo.html,0,http,0,2,2,0,0,1,0,0,0,0,2
www.mbr-pwrc.usgs.gov,0,0,/id/framlst/i6290id.html,1,http,0,1,0,1,0,1,0,0,0,0,0
faculty.ncwc.edu,0,0,/mbrooks/pif/bird%20profiles/whiteeyed_vireo.htm,0,http,0,2,2,1,0,1,0,0,0,0,2
www.arthurgrosset.com,0,0,/sabirds/rufous-browed%20peppershrike.html,0,http,0,2,2,2,0,2,0,0,0,1,2
www.arthurgrosset.com,0,0,/sabirds/slaty-cappedshrike-vireo.html,0,http,0,2,2,2,0,2,0,0,0,1,2
audubon2.org,0,0,/webapp/watchlist/viewspecies.jsp,0,http,0,0,2,0,0,1,0,0,0,0,1
www.mbr-pwrc.usgs.gov,0,0,/id/framlst/i6330id.html,1,http,0,1,0,1,0,1,0,0,0,0,0
www.amonline.net.au,0,0,/factsheets/silvereye.htm,0,http,0,1,0,1,0,1,0,0,0,0,2
www.kenyabirds.org.uk,0,0,/nhs_w_eye.htm,0,http,0,1,0,0,0,0,0,0,0,0,1
www.birdlife.org,0,0,/datazone/species/index.html,0,http,0,1,1,0,0,1,0,0,0,0,2
www.nzbirds.com,0,0,/birds/tauhou.html,0,http,0,2,0,1,0,0,0,0,0,0,2
en.wikipedia.org,0,0,/wiki/estrildid_finch,0,http,0,0,0,2,0,2,0,0,0,0,0
en.wikipedia.org,0,0,/wiki/swee_waxbill,0,http,0,0,0,2,0,2,0,0,0,0,0
astorwilliam.tripod.com,0,0,/,0,http,0,0,0,0,0,0,0,0,0,0,1
en.wikipedia.org,0,0,/wiki/muscicapidae,0,http,0,0,0,2,0,2,0,0,0,0,0
www.naturia.per.sg,0,0,/buloh/birds/copsychus_saularis.htm,0,http,0,1,2,0,0,1,0,0,0,0,2
www.birdguides.com,0,0,/species/species.asp,0,http,0,2,2,2,0,2,0,0,0,0,2
www.birdguides.com,0,0,/species/species.asp,0,http,0,2,2,2,0,2,0,0,0,0,2
www.birdguides.com,0,0,/species/species.asp,0,http,0,2,2,2,0,2,0,0,0,0,2
www.birdguides.com,0,0,/species/species.asp,0,http,0,2,2,0,0,2,0,0,0,0,2
ibc.hbw.com,0,0,/ibc/phtml/familia.phtml,0,http,0,2,2,0,0,0,0,0,0,0,2
en.wikipedia.org,0,0,/wiki/pycnonotidae,0,http,0,0,0,2,0,2,0,0,0,0,0
www.naturia.per.sg,0,0,/buloh/birds/pycnonotus_goiavier.htm,0,http,0,1,2,0,0,1,0,0,0,0,2
www.birdlife.org,0,0,/datazone/species/index.html,0,http,0,1,1,0,0,1,0,0,0,0,2
www.birdlife.org,0,0,/datazone/species/index.html,0,http,0,1,1,0,0,1,0,0,0,0,2
www.birdlife.org,0,0,/datazone/species/index.html,0,http,0,1,1,0,0,1,0,0,0,0,2
en.wikipedia.org,0,0,/wiki/cisticolidae,0,http,0,0,0,2,0,2,0,0,0,0,0
www.naturia.per.sg,0,0,/buloh/birds/prinia_flaviventris.htm,0,http,0,1,2,0,0,1,0,0,0,0,2
en.wikipedia.org,0,0,/wiki/nectarinidae,0,http,0,0,0,2,0,2,0,0,0,0,0
www.naturia.per.sg,0,0,/buloh/birds/nectarina_calcosthetha.htm,0,http,0,1,2,0,0,1,0,0,0,0,2
www.naturia.per.sg,0,0,/buloh/birds/nectarina_jugularis.htm,0,http,0,1,2,0,0,1,0,0,0,0,2
home1.gte.net,0,0,/dgl1/pelican.html,0,http,0,2,0,2,0,2,0,0,0,0,2
raysweb.net,0,0,/specialplaces/pages/pelican.html,0,http,0,0,0,0,0,0,0,0,0,0,2
animaldiversity.ummz.umich.edu,0,0,/site/accounts/information/pelecanus_erythrorhynchos.html,0,http,0,1,1,1,0,1,0,0,0,0,0
animaldiversity.ummz.umich.edu,0,0,/site/accounts/information/pelecanus_occidentalis.html,0,http,0,1,1,1,0,1,0,0,0,0,0
www.kenyabirds.org.uk,0,0,/gw_pelican.htm,0,http,0,1,0,0,0,0,0,0,0,0,1
www.kenyabirds.org.uk,0,0,/pb_pelican.htm,0,http,0,1,0,0,0,0,0,0,0,0,1
migratorybirds.fws.gov,0,0,/issues/cormorant/greatlakes_q&amp,0,http,0,2,2,1,0,1,0,0,0,0,0
web.tiscali.it,0,0,/sv2001/,0,http,0,0,0,0,0,1,0,0,0,0,0
nzbirds.com,0,0,/birds/kawau.html,0,http,0,0,0,0,0,0,0,0,0,0,2
www.coldwaterimages.com,0,0,/brandt_s_cormorant.html,0,http,0,2,2,0,0,1,0,0,0,0,1
www.kenyabirds.org.uk,0,0,/great_cormorant.htm,0,http,0,1,0,0,0,0,0,0,0,0,1
www.kenyabirds.org.uk,0,0,/cormorant-lt.htm,0,http,0,1,0,0,0,0,0,0,0,0,1
animaldiversity.ummz.umich.edu,0,0,/site/accounts/information/sula_nebouxii.html,0,http,0,1,1,1,0,1,0,0,0,0,0
bioweb.uwlax.edu,0,0,/bio203/s2008/kops_aman/,0,http,0,0,0,1,0,1,0,0,0,0,0
www.fws.gov,0,0,/midway/mabo.html,0,http,0,2,0,1,0,1,0,0,0,0,0
en.wikipedia.org,0,0,/wiki/sula_(bird),0,http,0,0,0,2,0,2,0,0,0,0,0
www.fws.gov,0,0,/midway/brbo.html,0,http,0,2,0,1,0,1,0,0,0,0,0
www.fws.gov,0,0,/midway/rfbo.html,0,http,0,2,0,1,0,1,0,0,0,0,0
www.nzbirds.com,0,0,/birds/takapu.html,0,http,0,2,0,0,0,1,0,0,0,0,2
en.wikipedia.org,0,0,/wiki/darter,0,http,0,0,0,2,0,2,0,0,0,0,0
www.kenyabirds.org.uk,0,0,/darter.htm,0,http,0,1,0,0,0,0,0,0,0,0,1
ibc.hbw.com,0,0,/ibc/phtml/familia.phtml,0,http,0,2,2,0,0,0,0,0,0,0,2
www.thebigzoo.com,0,0,/animals/lesser_flamingo.asp,0,http,0,2,0,0,0,0,0,0,0,0,1
www.geocities.com,0,0,/flamingo22701/flamingo_mania,0,http,0,0,0,2,0,2,0,0,0,0,2
www.geocities.com,0,0,/petsburgh/1975/flamingo.html,0,http,0,2,0,2,0,2,0,0,0,0,2
animaldiversity.ummz.umich.edu,0,0,/site/accounts/information/phoenicopterus_ruber.html,0,http,0,1,1,1,0,1,0,0,0,0,0
www.mbr-pwrc.usgs.gov,0,0,/id/framlst/i1820id.html,1,http,0,1,0,1,0,1,0,0,0,0,0
animals.about.com,0,0,/od/birds/p/greaterflamingo.htm,0,http,0,2,2,2,0,2,0,0,0,1,0
www.stanford.edu,0,0,/group/stanfordbirds/text/essays/flamingo_feeding.html,0,http,0,2,1,1,0,1,0,0,0,0,0
bioweb.uwlax.edu,0,0,/bio203/s2007/greaney_megh,0,http,0,0,0,1,0,1,0,0,0,0,0
www.kenyabirds.org.uk,0,0,/flamingo_g.htm,0,http,0,1,0,0,0,0,0,0,0,0,1
www.kenyabirds.org.uk,0,0,/flamingo_l.htm,0,http,0,1,0,0,0,0,0,0,0,0,1
www.bbc.co.uk,0,0,/nature/wildfacts/factfiles/3104.shtml,0,http,0,1,2,2,0,2,0,0,0,0,0
www.montereybay.com,0,0,/creagrus/woodpeckers.html,0,http,0,2,0,0,0,0,0,0,0,0,2
montereybay.com,0,0,/creagrus/barbets.html,0,http,0,0,0,0,0,0,0,0,0,0,2
montereybay.com,0,0,/creagrus/asian_barbets.html,0,http,0,0,0,0,0,0,0,0,0,0,2
montereybay.com,0,0,/creagrus/african_barbets.html,0,http,0,0,0,0,0,0,0,0,0,0,2
animaldiversity.ummz.umich.edu,0,0,/site/accounts/classification/piciformes.html,0,http,0,1,1,1,0,1,0,0,0,0,0
pelotes.jea.com,0,0,/animalfact/birds/woodpeck.htm,0,http,0,2,0,0,0,0,0,0,1,0,2
www.kenyabirds.org.uk,0,0,/barbet-wh.htm,0,http,0,1,0,0,0,0,0,0,0,0,1
www.kenyabirds.org.uk,0,0,/ry_barbet.htm,0,http,0,1,0,0,0,0,0,0,0,0,1
www.honoluluzoo.org,0,0,/red_and_yellow_barbet.htm,0,http,0,2,0,0,0,0,0,0,0,0,2
www.kenyabirds.org.uk,0,0,/d_barbet.htm,0,http,0,1,0,0,0,0,0,0,0,0,1
www.kenyabirds.org.uk,0,0,/tinker-rf.htm,0,http,0,1,0,0,0,0,0,0,0,0,1
www.kenyabirds.org.uk,0,0,/nubian_wp.htm,0,http,0,1,0,0,0,0,0,0,0,0,1
www.juliezickefoose.com,0,0,/articles/ivory_billed_wp.html,0,http,0,2,2,0,0,0,0,0,0,0,1
www.museum.lsu.edu,0,0,/~remsen/ibw.html,0,http,0,1,0,1,0,1,0,0,0,0,0
www.rainforestconservation.org,0,0,/data_sheets/birds/cc_woodpecker.html,0,http,0,2,2,0,0,1,0,0,0,0,2
animaldiversity.ummz.umich.edu,0,0,/site/accounts/sounds/campephilus_guatemalensis.html,0,http,0,1,1,1,0,1,0,0,0,0,0
www.npr.org,0,0,/templates/story/story.php,0,http,0,2,2,0,0,1,0,0,0,0,0
www.sciencemag.org,0,0,/cgi/content/abstract/1114103,0,http,0,0,2,0,0,0,0,0,0,0,0
www.corante.com,0,0,/loom/archives/2005/04/28/reports_of_my_extinction_are_greatly_exaggerated.php,0,http,0,2,1,2,0,2,0,0,1,0,2
www.nature.org,0,0,/ivorybill/,0,http,0,0,0,0,0,0,0,0,0,0,0
www.ivorybill.org,0,0,/,0,http,0,0,0,2,0,1,0,0,0,0,1
www.fws.gov,0,0,/ivorybill/,0,http,0,0,0,1,0,1,0,0,0,0,0
www.ivorybills.blogspot.com,0,0,/,0,http,0,2,0,1,1,1,0,0,0,1,2
www.ibwo.org,0,0,/,0,http,0,0,0,0,0,1,0,0,0,0,1
www.ivory-bill-woodpecker.com,0,0,/,1,http,0,0,0,0,0,1,0,0,1,0,1
www.birds.cornell.edu,0,0,/ivory/,0,http,0,2,0,1,0,1,0,0,0,0,0
web2.uwindsor.ca,0,0,/courses/biology/dmennill/ibwo/ibwoindex.php,0,http,0,2,2,0,0,0,0,0,0,0,0
www.avesphoto.com,0,0,/website/na/species/flkgil-1.htm,0,http,0,2,2,2,0,2,0,0,0,0,1
www.nenature.com,0,0,/northernflicker.htm,0,http,0,2,0,0,0,0,0,0,0,0,2
www.mbr-pwrc.usgs.gov,0,0,/id/framlst/i4140id.html,1,http,0,1,0,1,0,1,0,0,0,0,0
www.mbr-pwrc.usgs.gov,0,0,/id/framlst/i4050id.html,1,http,0,1,0,1,0,1,0,0,0,0,0
www.mangoverde.com,0,0,/birdsound/spec/spec104-167.html,0,http,0,2,2,0,0,0,0,0,0,0,2
www.nenature.com,0,0,/pileatedwoodpecker.htm,0,http,0,2,0,0,0,0,0,0,0,0,2
www.pileatedwoodpeckercentral.com,0,0,/,0,http,0,0,0,2,0,2,0,0,0,0,1
birds.cornell.edu,0,0,/bfl/speciesaccts/lewwoo.html,0,http,0,2,0,1,0,1,0,0,0,0,0
www.focusonnature.com,0,0,/puertoricanwoodpecker.htm,0,http,0,2,2,0,0,1,0,0,0,0,2
www.landiss.com,0,0,/woodpecker.htm,0,http,0,2,0,0,0,1,0,0,0,0,2
www.mbr-pwrc.usgs.gov,0,0,/id/framlst/i4110id.html,1,http,0,1,0,1,0,1,0,0,0,0,0
www.birdphotography.com,0,0,/species/giwo.html,0,http,0,2,0,0,0,0,0,0,0,0,2
www.birdsofoklahoma.net,0,0,/gfwoodpecker.htm,0,http,0,2,0,1,1,1,0,0,0,0,1
www.arthurgrosset.com,0,0,/sabirds/whitewoodpecker.html,0,http,0,2,2,2,0,2,0,0,0,1,2
www.nenature.com,0,0,/redheadedwoodpecker.htm,0,http,0,2,0,0,0,0,0,0,0,0,2
www.nenature.com,0,0,/redbelliedwoodpecker.htm,0,http,0,2,0,0,0,0,0,0,0,0,2
animaldiversity.ummz.umich.edu,0,0,/site/accounts/information/melanerpes_formicivorus.html,0,http,0,1,1,1,0,1,0,0,0,0,0
www.birding.com,0,0,/topbirds/572aw.asp,0,http,0,2,0,0,0,0,0,0,0,0,2
www.birds.cornell.edu,0,0,/allaboutbirds/birdguide/red-bellied_woodpecker_dtl.html,0,http,0,1,1,1,0,1,0,0,0,0,0
www.birds.cornell.edu,0,0,/allaboutbirds/birdguide/red-headed_woodpecker.html,0,http,0,1,1,1,0,1,0,0,0,0,0
www.squirrelhouse.com,0,0,/enter/birds/index.html,0,http,0,2,0,0,0,0,0,0,0,0,1
rcwrecovery.fws.gov,0,0,/,0,http,0,0,0,1,0,1,0,0,0,0,0
www.wbu.com,0,0,/chipperwoods/photos/downy.htm,0,http,0,2,0,0,0,1,0,0,0,0,2
www.mbr-pwrc.usgs.gov,0,0,/id/framlst/i3970id.html,1,http,0,1,0,1,0,1,0,0,0,0,0
www.mbr-pwrc.usgs.gov,0,0,/id/framlst/i3960id.html,1,http,0,1,0,1,0,1,0,0,0,0,0
www.wbu.com,0,0,/chipperwoods/photos/hwood.htm,0,http,0,2,0,0,0,1,0,0,0,0,2
www.mbr-pwrc.usgs.gov,0,0,/id/framlst/i3980id.html,1,http,0,1,0,1,0,1,0,0,0,0,0
www.mbr-pwrc.usgs.gov,0,0,/id/framlst/i4010id.html,1,http,0,1,0,1,0,1,0,0,0,0,0
www.birdnature.com,0,0,/bb3tw.html,0,http,0,2,0,0,0,0,0,0,0,0,1
www.nenature.com,0,0,/downywoodpecker.htm,0,http,0,2,0,0,0,0,0,0,0,0,2
www.nenature.com,0,0,/hairywoodpecker.htm,0,http,0,2,0,0,0,0,0,0,0,0,2
birds.cornell.edu,0,0,/bfl/speciesaccts/ariwoo.html,0,http,0,2,0,1,0,1,0,0,0,0,0
animaldiversity.ummz.umich.edu,0,0,/site/accounts/information/picoides_scalaris.html,0,http,0,1,1,1,0,1,0,0,0,0,0
www.woodpeckersofeurope.info,0,0,/,0,http,0,0,0,0,0,1,0,0,1,0,1
www.birds.cornell.edu,0,0,/allaboutbirds/birdguide/nuttalls_woodpecker_dtl.html,0,http,0,1,1,1,0,1,0,0,0,0,0
biology.mhc.edu,0,0,/ybsa/,0,http,0,0,0,1,0,1,0,0,1,0,1
imnh.isu.edu,0,0,/digitalatlas/bio/birds/wdpkrs/rnsa/rnsa_mai.htm,0,http,0,2,2,1,0,1,0,0,0,0,0
www.stanfordalumni.org,0,0,/birdsite/text/species/red-breasted_sapsucker.html,0,http,0,2,1,0,0,1,0,0,0,0,2
www.birdphotography.com,0,0,/species/rbsa.html,0,http,0,2,0,0,0,0,0,0,0,0,2
www.mbr-pwrc.usgs.gov,0,0,/id/framlst/i4021id.html,1,http,0,1,0,1,0,1,0,0,0,0,0
www.nenature.com,0,0,/yellowbelliedsapsucker.htm,0,http,0,2,0,0,0,0,0,0,0,0,2
imnh.isu.edu,0,0,/digitalatlas/bio/birds/wdpkrs/wisa/wisa_mai.htm,0,http,0,2,2,1,0,1,0,0,0,0,0
www.birds.cornell.edu,0,0,/allaboutbirds/birdguide/yellow-bellied_sapsucker.html,0,http,0,1,1,1,0,1,0,0,0,0,0
bioweb.uwlax.edu,0,0,/bio203/s2008/todd_ange/,0,http,0,0,0,1,0,1,0,0,0,0,0
www.kenyabirds.org.uk,0,0,/barb-bt.htm,0,http,0,1,0,0,0,0,0,0,0,0,1
www.kenyabirds.org.uk,0,0,/barb-sf.htm,0,http,0,1,0,0,0,0,0,0,0,0,1
www.kenyabirds.org.uk,0,0,/barb-rf.htm,0,http,0,1,0,0,0,0,0,0,0,0,1
www.mbr-pwrc.usgs.gov,0,0,/id/framlst/i0011id.html,1,http,0,1,0,1,0,1,0,0,0,0,0
www.dnr.state.wi.us,0,0,/org/land/er/factsheets/birds/rdnkgr.htm,0,http,0,1,2,0,0,1,0,0,0,0,0
www.nenature.com,0,0,/piedbilledgrebe.htm,0,http,0,2,0,0,0,0,0,0,0,0,2
www.npwrc.usgs.gov,0,0,/resource/birds/forest/species/podinigr.htm,0,http,0,1,2,1,0,1,0,0,0,0,0
www.npwrc.usgs.gov,0,0,/resource/birds/forest/species/podipodi.htm,0,http,0,1,2,1,0,1,0,0,0,0,0
www.neseabirds.com,0,0,/sheargreat.htm,0,http,0,2,0,2,0,0,0,0,0,0,2
www.neseabirds.com,0,0,/shearcory.htm,0,http,0,2,0,2,0,0,0,0,0,0,2
www.neseabirds.com,0,0,/shearwatermanx.htm,0,http,0,2,0,2,0,0,0,0,0,0,2
www.neseabirds.com,0,0,/shearwateraudubon.htm,0,http,0,2,0,2,0,0,0,0,0,0,2
www.avesphoto.com,0,0,/website/na/species/shwlit-1.htm,0,http,0,2,2,2,0,2,0,0,0,0,1
www.austmus.gov.au,0,0,/factsheets/wandering_albatross.htm,0,http,0,1,2,1,0,1,0,0,0,0,2
www.shearwaterjourneys.com,0,0,/shyalbatross.html,0,http,0,2,0,0,0,0,0,0,0,0,2
www.neseabirds.com,0,0,/stormpwsp.htm,0,http,0,2,0,2,0,0,0,0,0,0,2
www.neseabirds.com,0,0,/stormpetrelwf.htm,0,http,0,2,0,2,1,0,0,0,0,0,2
www.seabirding.com,0,0,/bpiimage.htm,0,http,0,2,0,0,0,1,0,0,0,0,2
www.oceanwanderers.com,0,0,/bermudapet.html,0,http,0,2,0,0,0,1,0,0,0,0,2
www.borealforest.org,0,0,/world/birds/short_tailed_shearwater.htm,0,http,0,2,2,0,0,0,0,0,0,0,2
nzbirds.com,0,0,/birds/bluepetrel.html,0,http,0,0,0,0,0,0,0,0,0,0,2
www.avesphoto.com,0,0,/website/na/species/petbcp-2.htm,0,http,0,2,2,2,0,2,0,0,0,0,1
www.mbr-pwrc.usgs.gov,0,0,/id/framlst/i1090id.html,1,http,0,1,0,1,0,1,0,0,0,0,0
www.birdguides.com,0,0,/species/species.asp,0,http,0,2,2,2,0,2,0,0,0,0,2
nzbirds.com,0,0,/birds/titi.html,0,http,0,0,0,0,0,0,0,0,0,0,2
www.falklandsconservation.com,0,0,/wildlife/albatross/black-browed-albatross.html,0,http,0,2,1,0,0,1,0,0,0,0,2
www.falklandsconservation.com,0,0,/wildlife/albatross/southern-giant-petrel.html,0,http,0,2,1,0,0,1,0,0,0,0,2
www.falklandsconservation.com,0,0,/wildlife/albatross/white-chinned-petrel.html,0,http,0,2,1,0,0,1,0,0,0,0,2
www.parrotsinternational.org,0,0,/,0,http,0,0,0,0,0,0,0,0,0,0,1
www.netpets.com,0,0,/birds/reference/lafeber/8/incredible_beak.html,0,http,0,2,2,0,0,1,0,0,0,0,2
www.freeparrots.net,0,0,,0,http,0,0,0,0,0,0,0,0,0,0,1
hatchedtoflyfree.org,0,0,/,0,http,0,0,0,0,0,1,0,0,0,0,1
vtpb-www2.cvm.tamu.edu,0,0,/brightsmith/,1,http,0,2,0,1,0,1,0,0,1,0,0
www.cityparrots.org,0,0,/,0,http,0,0,0,2,0,1,0,0,0,0,2
www.nzbirds.com,0,0,/birds/sulphurcrested.html,0,http,0,2,0,0,0,0,0,0,0,0,2
papagaio2000.sites.uol.com.br,0,0,/indexing.htm,0,http,0,1,0,1,0,1,0,0,0,0,2
www.nepa.gov.jm,0,0,/yourenv/biodiversity/species/black_billed.htm,0,http,0,1,2,1,0,1,0,0,0,0,2
www.avesphoto.com,0,0,/website/na/species/parrcr-1.htm,0,http,0,2,2,2,0,2,0,0,0,0,1
www.oaklandzoo.org,0,0,/meet_the_animals/yellow-naped-amazon-parrot*,0,http,0,0,2,0,0,0,0,0,0,0,2
www.greatgreenmacaw.org,0,0,/,0,http,0,0,0,0,0,1,0,0,0,0,1
hatchedtoflyfree.homestead.com,0,0,/,0,http,0,0,0,0,0,0,0,0,0,0,1
www.bluemacaws.org,0,0,/,0,http,0,0,0,0,0,1,0,0,0,0,2
freespace.virgin.net,0,0,/susan.armitage/macaws.htm,0,http,0,1,0,0,0,1,0,0,0,0,2
www.macawlanding.org,0,0,/,0,http,0,0,0,0,0,1,0,0,0,0,1
vtpb-www2.cvm.tamu.edu,0,0,/brightsmith/,1,http,0,2,0,1,0,1,0,0,1,0,0
www.nzbirds.com,0,0,/birds/kakarikiyellow.html,0,http,0,2,0,0,0,0,0,0,0,0,2
nzbirds.com,0,0,/birds/antipodesparakeet.html,0,http,0,0,0,0,0,0,0,0,0,0,2
animaldiversity.ummz.umich.edu,0,0,/site/accounts/information/nestor_notabilis.html,0,http,0,1,1,1,0,1,0,0,0,0,0
www.nzbirds.com,0,0,/birds/kea.html,0,http,0,2,0,0,0,0,0,0,0,0,2
nzbirds.com,0,0,/birds/kaka.html,0,http,0,0,0,0,0,0,0,0,0,0,2
haryana-online.com,0,0,/fauna/birds/alexandrine_parakeet.htm,1,http,0,0,2,2,0,2,0,0,0,0,2
www.birdlife.org,0,0,/datazone/species/index.html,0,http,0,1,1,0,0,1,0,0,0,0,2
www.kakapo.net,0,0,/,0,http,0,0,0,2,0,2,0,0,0,0,1
en.wikipedia.org,0,0,/wiki/kakapo,0,http,0,0,0,2,0,2,0,0,0,0,0
nzbirds.com,0,0,/birds/kakapo.html,0,http,0,0,0,0,0,0,0,0,0,0,2
www.kakaporecovery.org.nz,0,0,/,0,http,0,2,0,1,0,1,0,0,0,0,2
bioweb.uwlax.edu,0,0,/bio203/s2008/runde_sama/,0,http,0,0,0,1,0,1,0,0,0,0,0
www.kenyabirds.org.uk,0,0,/parrot-ob.htm,0,http,0,1,0,0,0,0,0,0,0,0,1
www.wingscentral.org,0,0,/aps/faqcapes.aspx,0,http,0,2,0,0,0,1,0,0,0,0,1
www.wingscc.com,0,0,/aps/poicep.htm,0,http,0,2,0,0,0,1,0,0,0,0,2
www.seabirds.org,0,0,/penguins.htm,0,http,0,2,0,0,0,0,0,0,0,0,2
www.penguin.net.nz,0,0,/,0,http,0,2,0,1,0,1,0,0,0,0,2
www.bluemoon.net,0,0,/~opus/nframe/penguin.html,0,http,0,2,0,0,0,0,0,0,0,0,2
octopus.gma.org,0,0,/surfing/antarctica/penguin.html,0,http,0,2,2,0,0,1,0,0,0,0,2
www.antarcticconnection.com,0,0,/antarctic/wildlife/penguins/index.shtml,0,http,0,2,2,0,0,0,0,0,0,0,2
www.penguins.cl,0,0,/,0,http,0,0,0,0,0,0,0,0,0,0,2
www.falklands.net,0,0,/,0,http,0,0,0,0,0,0,0,0,0,0,1
englishnf.pinguins.info,0,0,/,0,http,0,0,0,0,0,0,0,0,1,0,2
www.gdargaud.net,0,0,/antarctica/penguins.html,0,http,0,2,0,0,0,1,0,0,0,0,2
www.adelie.pwp.blueyonder.co.uk,0,0,/,0,http,0,1,0,0,0,0,0,0,0,0,2
